[
  {
    "name" : "InterVehicleModel",
    "config_list" : [
      {
        "name" : "Model",
        "fid" : "IVM-1",
        "type" : "sel",
        "val" : "SUMO",
        "sel" : ["SUMO"]
      }
    ]
  },
  {
    "name" : "NetworkModel",
    "config_list" : [
      {
        "name" : "Model",
        "fid" : "NM-1",
        "type" : "sel",
        "val" : "OMNET++",
        "sel" : ["OMNET++"]
      }
    ]
  },
  {
    "name" : "CloudModel",
    "config_list" : [
      {
        "name" : "CloudType",
        "fid" : "CM-1",
        "type" : "sel",
        "val" : "AmazonEC2",
        "sel" : ["AmazonEC2", "MicrosoftAzure"]
      },
      {
        "name" : "InstantType",
        "fid" : "CM-2",
        "type" : "sel",
        "val" : "m1.medium",
        "sel" : ["m1.small", "m1.medium", "m1.large"]
      },
      {
        "name" : "CompPricing",
        "fid" : "CM-3",
        "type" : "float",
        "val" : 0.05,
        "sel" : []
      },
      {
        "name" : "NetPricing",
        "fid" : "CM-4",
        "type" : "float",
        "val" : 0.09,
        "sel" : []
      },
      {
        "name" : "MIPS",
        "fid" : "CM-5",
        "type" : "integer",
        "val" : 3000,
        "sel" : []
      },
      {
        "name" : "CloudExecutionModel",
        "fid" : "CM-6",
        "type" : "sel",
        "val" : "iCanCloud",
        "sel" : ["iCanCloud"]
      }
    ]
  },
  {
    "name" : "IntraVehicleModel",
    "config_list" : [
      {
        "name" : "VehicleType",
        "fid" : "IVM-1",
        "type" : "sel",
        "val" : "KIA-K5",
        "sel" : ["KIA-K5"]
      },
      {
        "name" : "MIPS",
        "fid" : "IVM-2",
        "type" : "integer",
        "val" : 2000,
        "sel" : []
      },
      {
        "name" : "IntraVehicleExecutionModel",
        "fid" : "IVM-3",
        "type" : "sel",
        "val" : "iCanCloudModel",
        "sel" : ["iCanCloudModel"]
      }
    ]
  },
  {
    "name" : "CompOffloadingModel",
    "config_list" : [
      {
        "name" : "Model",
        "fid" : "COM-1",
        "type" : "sel",
        "val" : "ModifiedMAUI1",
        "sel" : ["ModifiedMAUI1"]
      }
    ]
  }
]