[
    {
        "start": "09:14:25", 
        "direction": 0, 
        "end": "09:14:27", 
        "type": 1
    }, 
    {
        "start": "09:14:56", 
        "direction": 0, 
        "end": "09:14:59", 
        "type": 1
    }, 
    {
        "start": "09:17:04", 
        "direction": 1, 
        "end": "09:17:06", 
        "type": 5
    }, 
    {
        "start": "09:17:34", 
        "direction": 1, 
        "end": "09:17:37", 
        "type": 1
    }, 
    {
        "start": "09:19:08", 
        "direction": 0, 
        "end": "09:19:16", 
        "type": 1
    }, 
    {
        "start": "09:20:26", 
        "direction": 1, 
        "end": "09:20:28", 
        "type": 5
    }, 
    {
        "start": "09:20:17", 
        "direction": 1, 
        "end": "09:20:29", 
        "type": 5
    }, 
    {
        "start": "09:22:13", 
        "direction": 1, 
        "end": "09:22:15", 
        "type": 5
    }, 
    {
        "start": "09:24:01", 
        "direction": 1, 
        "end": "09:24:03", 
        "type": 1
    }, 
    {
        "start": "09:24:03", 
        "direction": 1, 
        "end": "09:24:05", 
        "type": 4
    }, 
    {
        "start": "09:24:06", 
        "direction": 1, 
        "end": "09:24:08", 
        "type": 5
    }, 
    {
        "start": "09:24:10", 
        "direction": 1, 
        "end": "09:24:12", 
        "type": 1
    }, 
    {
        "start": "09:24:50", 
        "direction": 1, 
        "end": "09:24:52", 
        "type": 5
    }, 
    {
        "start": "09:26:04", 
        "direction": 0, 
        "end": "09:26:11", 
        "type": 5
    }, 
    {
        "start": "09:27:13", 
        "direction": 1, 
        "end": "09:27:15", 
        "type": 5
    }, 
    {
        "start": "09:27:20", 
        "direction": 1, 
        "end": "09:27:22", 
        "type": 5
    }, 
    {
        "start": "09:27:27", 
        "direction": 0, 
        "end": "09:27:30", 
        "type": 5
    }, 
    {
        "start": "10:22:27", 
        "direction": 1, 
        "end": "10:22:29", 
        "type": 5
    }, 
    {
        "start": "10:22:58", 
        "direction": 1, 
        "end": "10:23:00", 
        "type": 5
    }, 
    {
        "start": "10:23:06", 
        "direction": 0, 
        "end": "10:23:10", 
        "type": 5
    }, 
    {
        "start": "10:23:20", 
        "direction": 1, 
        "end": "10:23:22", 
        "type": 5
    }, 
    {
        "start": "10:23:59", 
        "direction": 1, 
        "end": "10:24:01", 
        "type": 4
    }, 
    {
        "start": "10:24:03", 
        "direction": 1, 
        "end": "10:24:05", 
        "type": 5
    }, 
    {
        "start": "10:27:06", 
        "direction": 1, 
        "end": "10:27:08", 
        "type": 1
    }, 
    {
        "start": "10:27:11", 
        "direction": 0, 
        "end": "10:27:13", 
        "type": 1
    }, 
    {
        "start": "10:28:57", 
        "direction": 0, 
        "end": "10:29:04", 
        "type": 5
    }, 
    {
        "start": "10:29:02", 
        "direction": 0, 
        "end": "10:29:04", 
        "type": 1
    }, 
    {
        "start": "10:30:11", 
        "direction": 1, 
        "end": "10:30:25", 
        "type": 1
    }, 
    {
        "start": "10:30:47", 
        "direction": 1, 
        "end": "10:30:50", 
        "type": 5
    }, 
    {
        "start": "10:31:16", 
        "direction": 1, 
        "end": "10:31:18", 
        "type": 5
    }, 
    {
        "start": "10:31:20", 
        "direction": 1, 
        "end": "10:31:23", 
        "type": 5
    }, 
    {
        "start": "10:31:54", 
        "direction": 0, 
        "end": "10:31:58", 
        "type": 5
    }, 
    {
        "start": "10:32:01", 
        "direction": 0, 
        "end": "10:32:03", 
        "type": 5
    }, 
    {
        "start": "10:32:17", 
        "direction": 1, 
        "end": "10:32:19", 
        "type": 5
    }, 
    {
        "start": "10:32:40", 
        "direction": 1, 
        "end": "10:32:42", 
        "type": 5
    }, 
    {
        "start": "10:32:54", 
        "direction": 0, 
        "end": "10:32:56", 
        "type": 5
    }, 
    {
        "start": "10:33:00", 
        "direction": 1, 
        "end": "10:33:02", 
        "type": 5
    }, 
    {
        "start": "10:33:19", 
        "direction": 0, 
        "end": "10:33:21", 
        "type": 5
    }, 
    {
        "start": "10:33:36", 
        "direction": 0, 
        "end": "10:33:38", 
        "type": 5
    }, 
    {
        "start": "10:33:44", 
        "direction": 0, 
        "end": "10:33:46", 
        "type": 5
    }, 
    {
        "start": "10:33:59", 
        "direction": 1, 
        "end": "10:34:01", 
        "type": 5
    }, 
    {
        "start": "10:34:12", 
        "direction": 1, 
        "end": "10:34:15", 
        "type": 5
    }, 
    {
        "start": "10:34:28", 
        "direction": 1, 
        "end": "10:34:30", 
        "type": 5
    }, 
    {
        "start": "10:34:34", 
        "direction": 1, 
        "end": "10:34:36", 
        "type": 5
    }, 
    {
        "start": "11:21:41", 
        "direction": 0, 
        "end": "11:21:43", 
        "type": 5
    }, 
    {
        "start": "11:21:47", 
        "direction": 0, 
        "end": "11:21:50", 
        "type": 5
    }, 
    {
        "start": "11:21:52", 
        "direction": 1, 
        "end": "11:21:54", 
        "type": 5
    }, 
    {
        "start": "11:22:01", 
        "direction": 0, 
        "end": "11:22:03", 
        "type": 5
    }, 
    {
        "start": "11:22:12", 
        "direction": 0, 
        "end": "11:22:17", 
        "type": 5
    }, 
    {
        "start": "11:22:25", 
        "direction": 1, 
        "end": "11:22:27", 
        "type": 5
    }, 
    {
        "start": "11:22:32", 
        "direction": 1, 
        "end": "11:22:35", 
        "type": 5
    }, 
    {
        "start": "11:22:47", 
        "direction": 1, 
        "end": "11:22:49", 
        "type": 5
    }, 
    {
        "start": "11:23:02", 
        "direction": 1, 
        "end": "11:23:06", 
        "type": 5
    }, 
    {
        "start": "11:23:15", 
        "direction": 0, 
        "end": "11:23:17", 
        "type": 5
    }, 
    {
        "start": "11:23:36", 
        "direction": 0, 
        "end": "11:23:38", 
        "type": 5
    }, 
    {
        "start": "11:23:47", 
        "direction": 1, 
        "end": "11:23:50", 
        "type": 5
    }, 
    {
        "start": "11:23:52", 
        "direction": 1, 
        "end": "11:23:54", 
        "type": 5
    }, 
    {
        "start": "11:24:00", 
        "direction": 1, 
        "end": "11:24:02", 
        "type": 5
    }, 
    {
        "start": "11:24:02", 
        "direction": 0, 
        "end": "11:24:04", 
        "type": 1
    }, 
    {
        "start": "11:24:13", 
        "direction": 1, 
        "end": "11:24:15", 
        "type": 5
    }, 
    {
        "start": "11:24:16", 
        "direction": 0, 
        "end": "11:24:18", 
        "type": 1
    }, 
    {
        "start": "11:24:28", 
        "direction": 1, 
        "end": "11:24:30", 
        "type": 5
    }, 
    {
        "start": "11:24:38", 
        "direction": 0, 
        "end": "11:24:40", 
        "type": 5
    }, 
    {
        "start": "11:24:53", 
        "direction": 0, 
        "end": "11:25:00", 
        "type": 5
    }, 
    {
        "start": "11:25:46", 
        "direction": 0, 
        "end": "11:25:49", 
        "type": 5
    }, 
    {
        "start": "11:27:03", 
        "direction": 0, 
        "end": "11:27:05", 
        "type": 1
    }, 
    {
        "start": "11:28:52", 
        "direction": 0, 
        "end": "11:28:54", 
        "type": 5
    }, 
    {
        "start": "11:28:57", 
        "direction": 0, 
        "end": "11:28:59", 
        "type": 1
    }, 
    {
        "start": "11:28:59", 
        "direction": 1, 
        "end": "11:29:01", 
        "type": 1
    }, 
    {
        "start": "11:29:01", 
        "direction": 0, 
        "end": "11:29:03", 
        "type": 1
    }, 
    {
        "start": "11:30:25", 
        "direction": 1, 
        "end": "11:30:27", 
        "type": 1
    }, 
    {
        "start": "11:37:01", 
        "direction": 1, 
        "end": "11:37:04", 
        "type": 1
    }, 
    {
        "start": "11:37:07", 
        "direction": 1, 
        "end": "11:37:09", 
        "type": 1
    }, 
    {
        "start": "11:37:04", 
        "direction": 1, 
        "end": "11:37:09", 
        "type": 1
    }, 
    {
        "start": "11:37:34", 
        "direction": 1, 
        "end": "11:37:36", 
        "type": 1
    }, 
    {
        "start": "11:37:50", 
        "direction": 1, 
        "end": "11:37:52", 
        "type": 1
    }, 
    {
        "start": "11:38:22", 
        "direction": 1, 
        "end": "11:38:25", 
        "type": 1
    }, 
    {
        "start": "11:38:58", 
        "direction": 1, 
        "end": "11:39:02", 
        "type": 1
    }, 
    {
        "start": "11:39:03", 
        "direction": 0, 
        "end": "11:39:05", 
        "type": 1
    }, 
    {
        "start": "11:39:03", 
        "direction": 1, 
        "end": "11:39:07", 
        "type": 1
    }, 
    {
        "start": "11:40:42", 
        "direction": 0, 
        "end": "11:40:44", 
        "type": 1
    }, 
    {
        "start": "11:40:44", 
        "direction": 1, 
        "end": "11:40:48", 
        "type": 1
    }, 
    {
        "start": "11:40:51", 
        "direction": 0, 
        "end": "11:40:53", 
        "type": 1
    }, 
    {
        "start": "11:42:02", 
        "direction": 0, 
        "end": "11:42:04", 
        "type": 5
    }, 
    {
        "start": "11:42:04", 
        "direction": 0, 
        "end": "11:42:06", 
        "type": 1
    }, 
    {
        "start": "11:44:30", 
        "direction": 1, 
        "end": "11:44:34", 
        "type": 1
    }, 
    {
        "start": "11:44:47", 
        "direction": 1, 
        "end": "11:44:50", 
        "type": 1
    }, 
    {
        "start": "11:47:31", 
        "direction": 0, 
        "end": "11:47:33", 
        "type": 1
    }, 
    {
        "start": "11:47:38", 
        "direction": 1, 
        "end": "11:47:40", 
        "type": 1
    }, 
    {
        "start": "11:48:27", 
        "direction": 1, 
        "end": "11:48:29", 
        "type": 5
    }, 
    {
        "start": "11:48:47", 
        "direction": 0, 
        "end": "11:48:49", 
        "type": 5
    }, 
    {
        "start": "11:48:48", 
        "direction": 0, 
        "end": "11:48:50", 
        "type": 5
    }, 
    {
        "start": "11:48:51", 
        "direction": 1, 
        "end": "11:48:53", 
        "type": 5
    }, 
    {
        "start": "11:49:07", 
        "direction": 0, 
        "end": "11:49:09", 
        "type": 5
    }, 
    {
        "start": "11:49:18", 
        "direction": 1, 
        "end": "11:49:20", 
        "type": 5
    }, 
    {
        "start": "11:49:23", 
        "direction": 0, 
        "end": "11:49:25", 
        "type": 5
    }, 
    {
        "start": "11:49:25", 
        "direction": 1, 
        "end": "11:49:27", 
        "type": 4
    }, 
    {
        "start": "11:49:29", 
        "direction": 1, 
        "end": "11:49:31", 
        "type": 5
    }, 
    {
        "start": "11:49:35", 
        "direction": 0, 
        "end": "11:49:37", 
        "type": 5
    }, 
    {
        "start": "20:20:11", 
        "direction": 0, 
        "end": "20:20:14", 
        "type": 5
    }, 
    {
        "start": "20:20:23", 
        "direction": 0, 
        "end": "20:20:25", 
        "type": 5
    }, 
    {
        "start": "20:20:30", 
        "direction": 1, 
        "end": "20:20:32", 
        "type": 5
    }, 
    {
        "start": "20:20:36", 
        "direction": 0, 
        "end": "20:20:38", 
        "type": 5
    }, 
    {
        "start": "20:20:39", 
        "direction": 0, 
        "end": "20:20:43", 
        "type": 1
    }, 
    {
        "start": "20:20:50", 
        "direction": 1, 
        "end": "20:20:52", 
        "type": 5
    }, 
    {
        "start": "20:21:32", 
        "direction": 1, 
        "end": "20:21:35", 
        "type": 5
    }, 
    {
        "start": "20:21:39", 
        "direction": 1, 
        "end": "20:21:41", 
        "type": 5
    }, 
    {
        "start": "20:21:42", 
        "direction": 0, 
        "end": "20:21:45", 
        "type": 1
    }, 
    {
        "start": "20:21:58", 
        "direction": 0, 
        "end": "20:22:00", 
        "type": 1
    }, 
    {
        "start": "20:22:00", 
        "direction": 0, 
        "end": "20:22:02", 
        "type": 1
    }, 
    {
        "start": "20:22:17", 
        "direction": 1, 
        "end": "20:22:19", 
        "type": 1
    }, 
    {
        "start": "20:22:20", 
        "direction": 0, 
        "end": "20:22:23", 
        "type": 1
    }, 
    {
        "start": "20:22:22", 
        "direction": 1, 
        "end": "20:22:25", 
        "type": 1
    }, 
    {
        "start": "20:22:25", 
        "direction": 1, 
        "end": "20:22:27", 
        "type": 1
    }, 
    {
        "start": "20:25:44", 
        "direction": 0, 
        "end": "20:25:46", 
        "type": 1
    }, 
    {
        "start": "20:27:11", 
        "direction": 0, 
        "end": "20:27:15", 
        "type": 1
    }, 
    {
        "start": "20:27:21", 
        "direction": 1, 
        "end": "20:27:23", 
        "type": 1
    }, 
    {
        "start": "20:27:52", 
        "direction": 1, 
        "end": "20:27:54", 
        "type": 1
    }, 
    {
        "start": "20:28:15", 
        "direction": 1, 
        "end": "20:28:17", 
        "type": 1
    }, 
    {
        "start": "20:28:39", 
        "direction": 1, 
        "end": "20:28:43", 
        "type": 1
    }, 
    {
        "start": "20:28:44", 
        "direction": 0, 
        "end": "20:28:46", 
        "type": 1
    }, 
    {
        "start": "20:29:41", 
        "direction": 1, 
        "end": "20:29:51", 
        "type": 1
    }, 
    {
        "start": "20:30:27", 
        "direction": 0, 
        "end": "20:30:29", 
        "type": 1
    }, 
    {
        "start": "20:30:44", 
        "direction": 1, 
        "end": "20:30:46", 
        "type": 1
    }, 
    {
        "start": "20:31:15", 
        "direction": 1, 
        "end": "20:31:18", 
        "type": 1
    }, 
    {
        "start": "20:32:10", 
        "direction": 1, 
        "end": "20:32:14", 
        "type": 1
    }, 
    {
        "start": "20:32:15", 
        "direction": 0, 
        "end": "20:32:18", 
        "type": 1
    }, 
    {
        "start": "20:32:57", 
        "direction": 1, 
        "end": "20:33:00", 
        "type": 1
    }, 
    {
        "start": "20:34:35", 
        "direction": 0, 
        "end": "20:34:37", 
        "type": 1
    }, 
    {
        "start": "20:36:21", 
        "direction": 0, 
        "end": "20:36:23", 
        "type": 1
    }, 
    {
        "start": "20:38:05", 
        "direction": 1, 
        "end": "20:38:07", 
        "type": 1
    }, 
    {
        "start": "20:38:11", 
        "direction": 1, 
        "end": "20:38:16", 
        "type": 1
    }, 
    {
        "start": "20:38:42", 
        "direction": 0, 
        "end": "20:38:44", 
        "type": 1
    }, 
    {
        "start": "20:41:28", 
        "direction": 0, 
        "end": "20:41:30", 
        "type": 1
    }, 
    {
        "start": "20:42:58", 
        "direction": 1, 
        "end": "20:43:00", 
        "type": 5
    }, 
    {
        "start": "20:44:20", 
        "direction": 1, 
        "end": "20:44:22", 
        "type": 5
    }, 
    {
        "start": "20:44:58", 
        "direction": 0, 
        "end": "20:45:01", 
        "type": 5
    }, 
    {
        "start": "20:45:19", 
        "direction": 1, 
        "end": "20:45:23", 
        "type": 1
    }
]