[
  {
    "type": 1,
    "direction": 0,
    "start": "16:29:18",
    "end": "16:29:27"
  },
  {
    "type": 5,
    "direction": 0,
    "start": "16:29:36",
    "end": "16:29:43"
  },
  {
    "type": 6,
    "direction": 0,
    "start": "16:30:21",
    "end": "16:30:35"
  },
  {
    "type": 4,
    "direction": 1,
    "start": "16:30:48",
    "end": "16:30:51"
  },
  {
    "type": 4,
    "direction": 0,
    "start": "16:30:51",
    "end": "16:30:56"
  },
  {
    "type": 4,
    "direction": 0,
    "start": "16:31:11",
    "end": "16:31:14"
  },
  {
    "type": 4,
    "direction": 1,
    "start": "16:31:15",
    "end": "16:31:18"
  },
  {
    "type": 6,
    "direction": 0,
    "start": "16:31:22",
    "end": "16:31:34"
  },
  {
    "type": 6,
    "direction": 0,
    "start": "16:32:02",
    "end": "16:32:18"
  },
  {
    "type": 4,
    "direction": 1,
    "start": "16:32:25",
    "end": "16:32:28"
  },
  {
    "type": 4,
    "direction": 0,
    "start": "16:32:28",
    "end": "16:32:33"
  },
  {
    "type": 4,
    "direction": 0,
    "start": "16:33:10",
    "end": "16:33:13"
  },
  {
    "type": 4,
    "direction": 1,
    "start": "16:33:13",
    "end": "16:33:17"
  },
  {
    "type": 6,
    "direction": 0,
    "start": "16:33:22",
    "end": "16:33:39"
  },
  {
    "type": 6,
    "direction": 0,
    "start": "16:34:09",
    "end": "16:34:16"
  },
  {
    "type": 4,
    "direction": 1,
    "start": "16:34:22",
    "end": "16:34:25"
  },
  {
    "type": 4,
    "direction": 0,
    "start": "16:34:25",
    "end": "16:34:30"
  },
  {
    "type": 4,
    "direction": 0,
    "start": "16:34:46",
    "end": "16:34:49"
  },
  {
    "type": 4,
    "direction": 1,
    "start": "16:34:49",
    "end": "16:34:53"
  },
  {
    "type": 6,
    "direction": 0,
    "start": "16:35:02",
    "end": "16:35:12"
  },
  {
    "type": 6,
    "direction": 0,
    "start": "16:35:42",
    "end": "16:35:50"
  },
  {
    "type": 4,
    "direction": 1,
    "start": "16:35:55",
    "end": "16:35:59"
  },
  {
    "type": 4,
    "direction": 0,
    "start": "16:36:40",
    "end": "16:36:43"
  },
  {
    "type": 4,
    "direction": 1,
    "start": "16:36:43",
    "end": "16:36:47"
  },
  {
    "type": 6,
    "direction": 0,
    "start": "16:36:53",
    "end": "16:37:14"
  },
  {
    "type": 6,
    "direction": 0,
    "start": "16:37:49",
    "end": "16:37:58"
  },
  {
    "type": 4,
    "direction": 1,
    "start": "16:38:04",
    "end": "16:38:07"
  },
  {
    "type": 4,
    "direction": 0,
    "start": "16:38:07",
    "end": "16:38:11"
  },
  {
    "type": 4,
    "direction": 0,
    "start": "16:38:29",
    "end": "16:38:33"
  },
  {
    "type": 4,
    "direction": 1,
    "start": "16:38:33",
    "end": "16:38:37"
  },
  {
    "type": 6,
    "direction": 0,
    "start": "16:38:56",
    "end": "16:39:06"
  },
  {
    "type": 6,
    "direction": 0,
    "start": "16:39:34",
    "end": "16:39:41"
  },
  {
    "type": 4,
    "direction": 1,
    "start": "16:39:47",
    "end": "16:39:50"
  },
  {
    "type": 4,
    "direction": 0,
    "start": "16:39:50",
    "end": "16:39:55"
  },
  {
    "type": 4,
    "direction": 0,
    "start": "16:40:25",
    "end": "16:40:28"
  },
  {
    "type": 4,
    "direction": 1,
    "start": "16:40:28",
    "end": "16:40:33"
  },
  {
    "type": 6,
    "direction": 0,
    "start": "16:40:37",
    "end": "16:40:47"
  },
  {
    "type": 6,
    "direction": 0,
    "start": "16:41:22",
    "end": "16:41:39"
  },
  {
    "type": 4,
    "direction": 1,
    "start": "16:41:46",
    "end": "16:41:50"
  },
  {
    "type": 4,
    "direction": 0,
    "start": "16:41:50",
    "end": "16:41:55"
  },
  {
    "type": 4,
    "direction": 0,
    "start": "16:42:25",
    "end": "16:42:28"
  },
  {
    "type": 4,
    "direction": 1,
    "start": "16:42:28",
    "end": "16:42:33"
  },
  {
    "type": 5,
    "direction": 1,
    "start": "16:42:36",
    "end": "16:42:43"
  },
  {
    "type": 4,
    "direction": 1,
    "start": "16:42:52",
    "end": "16:42:56"
  },
  {
    "type": 4,
    "direction": 0,
    "start": "16:42:56",
    "end": "16:43:00"
  },
  {
    "type": 5,
    "direction": 1,
    "start": "16:43:11",
    "end": "16:43:22"
  },
  {
    "type": 5,
    "direction": 0,
    "start": "16:43:32",
    "end": "16:43:39"
  },
  {
    "type": 1,
    "direction": 0,
    "start": "16:29:18",
    "end": "16:29:27"
  },
  {
    "type": 5,
    "direction": 0,
    "start": "16:29:36",
    "end": "16:29:43"
  },
  {
    "type": 6,
    "direction": 0,
    "start": "16:30:21",
    "end": "16:30:35"
  },
  {
    "type": 4,
    "direction": 1,
    "start": "16:30:48",
    "end": "16:30:51"
  },
  {
    "type": 4,
    "direction": 0,
    "start": "16:30:51",
    "end": "16:30:56"
  },
  {
    "type": 4,
    "direction": 0,
    "start": "16:31:11",
    "end": "16:31:14"
  },
  {
    "type": 4,
    "direction": 1,
    "start": "16:31:15",
    "end": "16:31:18"
  },
  {
    "type": 6,
    "direction": 0,
    "start": "16:31:22",
    "end": "16:31:34"
  },
  {
    "type": 6,
    "direction": 0,
    "start": "16:32:02",
    "end": "16:32:18"
  },
  {
    "type": 4,
    "direction": 1,
    "start": "16:32:25",
    "end": "16:32:28"
  },
  {
    "type": 4,
    "direction": 0,
    "start": "16:32:28",
    "end": "16:32:33"
  },
  {
    "type": 4,
    "direction": 0,
    "start": "16:33:10",
    "end": "16:33:13"
  },
  {
    "type": 4,
    "direction": 1,
    "start": "16:33:13",
    "end": "16:33:17"
  },
  {
    "type": 6,
    "direction": 0,
    "start": "16:33:22",
    "end": "16:33:39"
  },
  {
    "type": 6,
    "direction": 0,
    "start": "16:34:09",
    "end": "16:34:16"
  },
  {
    "type": 4,
    "direction": 1,
    "start": "16:34:22",
    "end": "16:34:25"
  },
  {
    "type": 4,
    "direction": 0,
    "start": "16:34:25",
    "end": "16:34:30"
  },
  {
    "type": 4,
    "direction": 0,
    "start": "16:34:46",
    "end": "16:34:49"
  },
  {
    "type": 4,
    "direction": 1,
    "start": "16:34:49",
    "end": "16:34:53"
  },
  {
    "type": 6,
    "direction": 0,
    "start": "16:35:02",
    "end": "16:35:12"
  },
  {
    "type": 6,
    "direction": 0,
    "start": "16:35:42",
    "end": "16:35:50"
  },
  {
    "type": 4,
    "direction": 1,
    "start": "16:35:55",
    "end": "16:35:59"
  },
  {
    "type": 4,
    "direction": 0,
    "start": "16:36:40",
    "end": "16:36:43"
  },
  {
    "type": 4,
    "direction": 1,
    "start": "16:36:43",
    "end": "16:36:47"
  },
  {
    "type": 6,
    "direction": 0,
    "start": "16:36:53",
    "end": "16:37:14"
  },
  {
    "type": 6,
    "direction": 0,
    "start": "16:37:49",
    "end": "16:37:58"
  },
  {
    "type": 4,
    "direction": 1,
    "start": "16:38:04",
    "end": "16:38:07"
  },
  {
    "type": 4,
    "direction": 0,
    "start": "16:38:07",
    "end": "16:38:11"
  },
  {
    "type": 4,
    "direction": 0,
    "start": "16:38:29",
    "end": "16:38:33"
  },
  {
    "type": 4,
    "direction": 1,
    "start": "16:38:33",
    "end": "16:38:37"
  },
  {
    "type": 6,
    "direction": 0,
    "start": "16:38:56",
    "end": "16:39:06"
  },
  {
    "type": 6,
    "direction": 0,
    "start": "16:39:34",
    "end": "16:39:41"
  },
  {
    "type": 4,
    "direction": 1,
    "start": "16:39:47",
    "end": "16:39:50"
  },
  {
    "type": 4,
    "direction": 0,
    "start": "16:39:50",
    "end": "16:39:55"
  },
  {
    "type": 4,
    "direction": 0,
    "start": "16:40:25",
    "end": "16:40:28"
  },
  {
    "type": 4,
    "direction": 1,
    "start": "16:40:28",
    "end": "16:40:33"
  },
  {
    "type": 6,
    "direction": 0,
    "start": "16:40:37",
    "end": "16:40:47"
  },
  {
    "type": 6,
    "direction": 0,
    "start": "16:41:22",
    "end": "16:41:39"
  },
  {
    "type": 4,
    "direction": 1,
    "start": "16:41:46",
    "end": "16:41:50"
  },
  {
    "type": 4,
    "direction": 0,
    "start": "16:41:50",
    "end": "16:41:55"
  },
  {
    "type": 4,
    "direction": 0,
    "start": "16:42:25",
    "end": "16:42:28"
  },
  {
    "type": 4,
    "direction": 1,
    "start": "16:42:28",
    "end": "16:42:33"
  },
  {
    "type": 5,
    "direction": 1,
    "start": "16:42:36",
    "end": "16:42:43"
  },
  {
    "type": 4,
    "direction": 1,
    "start": "16:42:52",
    "end": "16:42:56"
  },
  {
    "type": 4,
    "direction": 0,
    "start": "16:42:56",
    "end": "16:43:00"
  },
  {
    "type": 5,
    "direction": 1,
    "start": "16:43:11",
    "end": "16:43:22"
  },
  {
    "type": 5,
    "direction": 0,
    "start": "16:43:32",
    "end": "16:43:39"
  }
]
