[
    {
        "start": "17:38:24", 
        "direction": 1, 
        "end": "17:38:26", 
        "type": 5
    }, 
    {
        "start": "17:38:38", 
        "direction": 0, 
        "end": "17:38:40", 
        "type": 5
    }, 
    {
        "start": "17:38:45", 
        "direction": 0, 
        "end": "17:38:47", 
        "type": 5
    }, 
    {
        "start": "17:39:03", 
        "direction": 0, 
        "end": "17:39:06", 
        "type": 5
    }, 
    {
        "start": "17:39:33", 
        "direction": 0, 
        "end": "17:39:35", 
        "type": 5
    }, 
    {
        "start": "17:39:58", 
        "direction": 1, 
        "end": "17:40:00", 
        "type": 5
    }, 
    {
        "start": "17:39:58", 
        "direction": 1, 
        "end": "17:40:06", 
        "type": 1
    }, 
    {
        "start": "17:40:45", 
        "direction": 0, 
        "end": "17:40:47", 
        "type": 5
    }, 
    {
        "start": "17:41:07", 
        "direction": 0, 
        "end": "17:41:09", 
        "type": 5
    }, 
    {
        "start": "17:42:22", 
        "direction": 0, 
        "end": "17:42:24", 
        "type": 5
    }, 
    {
        "start": "17:42:26", 
        "direction": 1, 
        "end": "17:42:28", 
        "type": 5
    }, 
    {
        "start": "17:42:36", 
        "direction": 0, 
        "end": "17:42:38", 
        "type": 5
    }, 
    {
        "start": "17:42:45", 
        "direction": 1, 
        "end": "17:42:47", 
        "type": 5
    }, 
    {
        "start": "17:42:58", 
        "direction": 1, 
        "end": "17:43:00", 
        "type": 5
    }, 
    {
        "start": "17:43:11", 
        "direction": 1, 
        "end": "17:43:13", 
        "type": 5
    }, 
    {
        "start": "17:43:45", 
        "direction": 1, 
        "end": "17:43:47", 
        "type": 5
    }, 
    {
        "start": "17:44:57", 
        "direction": 1, 
        "end": "17:44:59", 
        "type": 5
    }, 
    {
        "start": "17:45:17", 
        "direction": 0, 
        "end": "17:45:19", 
        "type": 5
    }, 
    {
        "start": "17:45:24", 
        "direction": 1, 
        "end": "17:45:26", 
        "type": 5
    }, 
    {
        "start": "17:46:27", 
        "direction": 1, 
        "end": "17:46:29", 
        "type": 5
    }, 
    {
        "start": "17:46:23", 
        "direction": 1, 
        "end": "17:46:29", 
        "type": 4
    }, 
    {
        "start": "17:46:37", 
        "direction": 1, 
        "end": "17:46:39", 
        "type": 5
    }, 
    {
        "start": "17:46:43", 
        "direction": 0, 
        "end": "17:46:46", 
        "type": 5
    }, 
    {
        "start": "17:47:01", 
        "direction": 0, 
        "end": "17:47:03", 
        "type": 5
    }, 
    {
        "start": "17:47:31", 
        "direction": 1, 
        "end": "17:47:33", 
        "type": 5
    }, 
    {
        "start": "17:47:59", 
        "direction": 1, 
        "end": "17:48:01", 
        "type": 5
    }, 
    {
        "start": "17:48:07", 
        "direction": 1, 
        "end": "17:48:09", 
        "type": 5
    }, 
    {
        "start": "17:48:13", 
        "direction": 0, 
        "end": "17:48:15", 
        "type": 5
    }, 
    {
        "start": "17:48:44", 
        "direction": 0, 
        "end": "17:48:47", 
        "type": 5
    }, 
    {
        "start": "17:49:04", 
        "direction": 1, 
        "end": "17:49:14", 
        "type": 5
    }, 
    {
        "start": "17:49:08", 
        "direction": 1, 
        "end": "17:49:15", 
        "type": 5
    }, 
    {
        "start": "17:49:13", 
        "direction": 1, 
        "end": "17:49:15", 
        "type": 5
    }
]