{"uid":271,"nodes":[{"nid":1,"name":"WebGLRenderer","type":"WebGLRenderer","anim":false,"x":1447,"y":290,"fields":{"in":[{"name":"width","val":800},{"name":"height","val":600},{"name":"scene"},{"name":"camera"},{"name":"bg_color"},{"name":"postfx"},{"name":"shadowCameraNear","val":1},{"name":"shadowCameraFar","val":1000},{"name":"shadowMapWidth","val":512},{"name":"shadowMapHeight","val":512},{"name":"shadowMapEnabled","val":true},{"name":"shadowMapSoft","val":true}],"out":[]}},{"nid":14,"name":"Camera","type":"Camera","anim":false,"x":360,"y":988,"fields":{"in":[{"name":"fov","val":50},{"name":"aspect","val":1},{"name":"near","val":0.1},{"name":"far","val":2000},{"name":"position"},{"name":"target","val":{"x":0,"y":0,"z":0}},{"name":"useTarget","val":false}],"out":[{"name":"out"}]}},{"nid":23,"name":"Scene","type":"Scene","anim":false,"x":1214,"y":217,"fields":{"in":[{"name":"children"},{"name":"position","val":{"x":0,"y":0,"z":0}},{"name":"rotation","val":{"x":0,"y":0,"z":0}},{"name":"scale","val":{"x":1,"y":1,"z":1}},{"name":"visible","val":true},{"name":"castShadow","val":false},{"name":"receiveShadow","val":false},{"name":"fog","val":null}],"out":[{"name":"out"}]}},{"nid":35,"name":"Merge","type":"Merge","anim":false,"x":1116,"y":217,"fields":{"in":[{"name":"in0"},{"name":"in1","val":null},{"name":"in2","val":null},{"name":"in3"},{"name":"in4"},{"name":"in5"}],"out":[{"name":"out"}]}},{"nid":45,"name":"Color","type":"Color","anim":false,"x":1248,"y":484,"fields":{"in":[{"name":"r","val":0.9019607843137255},{"name":"g","val":0.9019607843137255},{"name":"b","val":0.9019607843137255}],"out":[{"name":"rgb"},{"name":"r"},{"name":"g"},{"name":"b"}]}},{"nid":55,"name":"Vector3","type":"Vector3","anim":false,"x":260,"y":981,"fields":{"in":[{"name":"x","val":200},{"name":"y","val":300},{"name":"z","val":700}],"out":[{"name":"xyz"},{"name":"x"},{"name":"y"},{"name":"z"}]}},{"nid":65,"name":"ThreeMesh","type":"ThreeMesh","anim":false,"x":592,"y":232,"fields":{"in":[{"name":"children"},{"name":"position","val":{"x":0,"y":"-8.02","z":0}},{"name":"rotation","val":{"x":0,"y":0,"z":0}},{"name":"scale","val":{"x":"3","y":".1","z":"3"}},{"name":"visible","val":true},{"name":"castShadow","val":false},{"name":"receiveShadow","val":true},{"name":"geometry"},{"name":"material"},{"name":"overdraw","val":false}],"out":[{"name":"out"}]}},{"nid":79,"name":"Timer","type":"Timer","anim":false,"x":690,"y":14,"fields":{"in":[{"name":"reset","val":false},{"name":"pause","val":false},{"name":"max","val":99999999999}],"out":[{"name":"out","val":61073}]}},{"nid":84,"name":"MathMult","type":"MathMult","anim":false,"x":865,"y":14,"fields":{"in":[{"name":"in","val":61073},{"name":"factor","val":0.0005}],"out":[{"name":"out"}]}},{"nid":89,"name":"Vector3","type":"Vector3","anim":false,"x":967,"y":20,"fields":{"in":[{"name":"x","val":0},{"name":"y"},{"name":"z","val":0}],"out":[{"name":"xyz"},{"name":"x"},{"name":"y"},{"name":"z"}]}},{"nid":100,"name":"ColladaLoader","type":"ColladaLoader","anim":false,"x":417,"y":63,"fields":{"in":[{"name":"children"},{"name":"position","val":{"x":"42","y":0,"z":"-92.57"}},{"name":"rotation","val":{"x":"0","y":0,"z":0}},{"name":"scale"},{"name":"visible","val":true},{"name":"castShadow","val":true},{"name":"receiveShadow","val":false},{"name":"file_url","val":"examples/models/monster.dae"}],"out":[{"name":"out"}]}},{"nid":113,"name":"Object3D","type":"Object3D","anim":false,"x":511,"y":891,"fields":{"in":[{"name":"children"},{"name":"position","val":{"x":"0","y":0,"z":0}},{"name":"rotation","val":{"x":0,"y":0,"z":0}},{"name":"scale","val":{"x":1,"y":1,"z":1}},{"name":"visible","val":true},{"name":"castShadow","val":false},{"name":"receiveShadow","val":false}],"out":[{"name":"out"}]}},{"nid":126,"name":"MeshLambertMaterial","type":"MeshLambertMaterial","anim":false,"x":366,"y":244,"fields":{"in":[{"name":"opacity","val":1},{"name":"transparent","val":false},{"name":"side","val":0},{"name":"depthTest","val":true},{"name":"alphaTest","val":0},{"name":"polygonOffset","val":false},{"name":"polygonOffsetFactor","val":0},{"name":"polygonOffsetUnits","val":0},{"name":"blending","val":1},{"name":"color"},{"name":"ambient","val":{"r":0.0196078431372549,"g":0.0196078431372549,"b":0.0196078431372549}},{"name":"map","val":false},{"name":"reflectivity","val":1},{"name":"refractionRatio","val":0.98},{"name":"wireframe","val":false},{"name":"vertexColors","val":false},{"name":"skinning","val":false},{"name":"fog","val":true}],"out":[{"name":"out"}]}},{"nid":145,"name":"Color","type":"Color","anim":false,"x":213,"y":322,"fields":{"in":[{"name":"r","val":0.5882352941176471},{"name":"g","val":0.5882352941176471},{"name":"b","val":0.5882352941176471}],"out":[{"name":"rgb"},{"name":"r"},{"name":"g"},{"name":"b"}]}},{"nid":155,"name":"Vector3","type":"Vector3","anim":false,"x":297,"y":99,"fields":{"in":[{"name":"x"},{"name":"y"},{"name":"z"}],"out":[{"name":"xyz"},{"name":"x"},{"name":"y"},{"name":"z"}]}},{"nid":163,"name":"Number","type":"Number","anim":false,"x":127,"y":118,"fields":{"in":[{"name":"in","val":8.2}],"out":[{"name":"out"}]}},{"nid":170,"name":"SpotLight","type":"SpotLight","anim":false,"x":589,"y":735,"fields":{"in":[{"name":"color"},{"name":"position","val":{"x":"-200.99","y":"501.98","z":"200"}},{"name":"target"},{"name":"intensity","val":1},{"name":"distance","val":0},{"name":"castShadow","val":true},{"name":"shadowCameraNear","val":50},{"name":"shadowCameraFar","val":5000},{"name":"shadowCameraFov","val":50},{"name":"shadowBias","val":0},{"name":"shadowDarkness","val":0.5},{"name":"shadowMapWidth","val":512},{"name":"shadowMapHeight","val":512}],"out":[{"name":"out"}]}},{"nid":195,"name":"PointLight","type":"PointLight","anim":false,"x":576,"y":598,"fields":{"in":[{"name":"color"},{"name":"position","val":{"x":0,"y":300,"z":0}},{"name":"intensity","val":1.32},{"name":"distance","val":0}],"out":[{"name":"out"}]}},{"nid":202,"name":"Color","type":"Color","anim":false,"x":440,"y":599,"fields":{"in":[{"name":"r","val":0.6862745098039216},{"name":"g","val":0.7254901960784313},{"name":"b","val":0.8196078431372549}],"out":[{"name":"rgb"},{"name":"r"},{"name":"g"},{"name":"b"}]}},{"nid":211,"name":"Merge","type":"Merge","anim":false,"x":1022,"y":626,"fields":{"in":[{"name":"in0"},{"name":"in1"},{"name":"in2"},{"name":"in3","val":null},{"name":"in4","val":null},{"name":"in5","val":null}],"out":[{"name":"out"}]}},{"nid":220,"name":"BloomPass","type":"BloomPass","anim":false,"x":875,"y":639,"fields":{"in":[{"name":"strength","val":0.6},{"name":"kernelSize","val":25},{"name":"sigma","val":4},{"name":"resolution","val":256}],"out":[{"name":"out"}]}},{"nid":226,"name":"VignettePass","type":"VignettePass","anim":false,"x":835,"y":734,"fields":{"in":[{"name":"offset","val":1},{"name":"darkness","val":0.7}],"out":[{"name":"out"}]}},{"nid":232,"name":"FilmPass","type":"FilmPass","anim":false,"x":829,"y":800,"fields":{"in":[{"name":"noiseIntensity","val":0.1},{"name":"scanlinesIntensity","val":0.05},{"name":"scanlinesCount","val":2048},{"name":"grayscale","val":false}],"out":[{"name":"out"}]}},{"nid":239,"name":"Color","type":"Color","anim":false,"x":422,"y":735,"fields":{"in":[{"name":"r","val":0.8313725490196079},{"name":"g","val":0.8196078431372549},{"name":"b","val":0.6745098039215687}],"out":[{"name":"rgb"},{"name":"r"},{"name":"g"},{"name":"b"}]}},{"nid":248,"name":"Object3D","type":"Object3D","anim":false,"x":851,"y":164,"fields":{"in":[{"name":"children"},{"name":"position","val":{"x":0,"y":0,"z":0}},{"name":"rotation"},{"name":"scale","val":{"x":1,"y":1,"z":1}},{"name":"visible","val":true},{"name":"castShadow","val":false},{"name":"receiveShadow","val":false}],"out":[{"name":"out"}]}},{"nid":260,"name":"Merge","type":"Merge","anim":false,"x":738,"y":179,"fields":{"in":[{"name":"in0"},{"name":"in1"},{"name":"in2","val":null},{"name":"in3","val":null},{"name":"in4","val":null},{"name":"in5","val":null}],"out":[{"name":"out"}]}}],"connections":[{"id":33,"from_node":23,"from_node_gid":-1,"from":"out","to_node":1,"to_node_gid":-1,"to":"scene"},{"id":34,"from_node":14,"from_node_gid":-1,"from":"out","to_node":1,"to_node_gid":-1,"to":"camera"},{"id":44,"from_node":35,"from_node_gid":-1,"from":"out","to_node":23,"to_node_gid":-1,"to":"children"},{"id":54,"from_node":45,"from_node_gid":-1,"from":"rgb","to_node":1,"to_node_gid":-1,"to":"bg_color"},{"id":64,"from_node":55,"from_node_gid":-1,"from":"xyz","to_node":14,"to_node_gid":-1,"to":"position"},{"id":88,"from_node":79,"from_node_gid":-1,"from":"out","to_node":84,"to_node_gid":-1,"to":"in"},{"id":99,"from_node":84,"from_node_gid":-1,"from":"out","to_node":89,"to_node_gid":-1,"to":"y"},{"id":123,"from_node":14,"from_node_gid":-1,"from":"out","to_node":113,"to_node_gid":-1,"to":"children"},{"id":124,"from_node":113,"from_node_gid":-1,"from":"out","to_node":35,"to_node_gid":-1,"to":"in5"},{"id":153,"from_node":145,"from_node_gid":-1,"from":"rgb","to_node":126,"to_node_gid":-1,"to":"color"},{"id":154,"from_node":126,"from_node_gid":-1,"from":"out","to_node":65,"to_node_gid":-1,"to":"material"},{"id":166,"from_node":163,"from_node_gid":-1,"from":"out","to_node":155,"to_node_gid":-1,"to":"x"},{"id":167,"from_node":163,"from_node_gid":-1,"from":"out","to_node":155,"to_node_gid":-1,"to":"y"},{"id":168,"from_node":163,"from_node_gid":-1,"from":"out","to_node":155,"to_node_gid":-1,"to":"z"},{"id":169,"from_node":155,"from_node_gid":-1,"from":"xyz","to_node":100,"to_node_gid":-1,"to":"scale"},{"id":178,"from_node":170,"from_node_gid":-1,"from":"out","to_node":35,"to_node_gid":-1,"to":"in4"},{"id":201,"from_node":195,"from_node_gid":-1,"from":"out","to_node":35,"to_node_gid":-1,"to":"in3"},{"id":210,"from_node":202,"from_node_gid":-1,"from":"rgb","to_node":195,"to_node_gid":-1,"to":"color"},{"id":219,"from_node":211,"from_node_gid":-1,"from":"out","to_node":1,"to_node_gid":-1,"to":"postfx"},{"id":230,"from_node":220,"from_node_gid":-1,"from":"out","to_node":211,"to_node_gid":-1,"to":"in0"},{"id":231,"from_node":226,"from_node_gid":-1,"from":"out","to_node":211,"to_node_gid":-1,"to":"in1"},{"id":238,"from_node":232,"from_node_gid":-1,"from":"out","to_node":211,"to_node_gid":-1,"to":"in2"},{"id":247,"from_node":239,"from_node_gid":-1,"from":"rgb","to_node":170,"to_node_gid":-1,"to":"color"},{"id":259,"from_node":248,"from_node_gid":-1,"from":"out","to_node":35,"to_node_gid":-1,"to":"in0"},{"id":268,"from_node":100,"from_node_gid":-1,"from":"out","to_node":260,"to_node_gid":-1,"to":"in0"},{"id":269,"from_node":65,"from_node_gid":-1,"from":"out","to_node":260,"to_node_gid":-1,"to":"in1"},{"id":270,"from_node":260,"from_node_gid":-1,"from":"out","to_node":248,"to_node_gid":-1,"to":"children"},{"id":271,"from_node":89,"from_node_gid":-1,"from":"xyz","to_node":248,"to_node_gid":-1,"to":"rotation"}],"groups":[]}