[
	{
		"group": {
			"name": "Task",
			"createdAt": "2015-07-01T10:59:50.953Z",
			"updatedAt": "2015-07-01T10:59:50.953Z",
			"id": "5593c826b0c609600c70ce00"
		},
		"type": "exec",
		"attrs": [
		  {
		  	"name": "Offloadable",
		  	"type": "bool",
		  	"value": false
		  },
		  {
			"name": "InputSize",
			"type": "integer",
			"Description" : "InputSize (Byte)",
			"value": 0
		  },
		  {
			"name": "OutputSize",
			"type": "integer",
			"Description" : "OutputSize (Byte)",
			"value": 0
		  },
		  {
			"name": "MI",
			"type": "integer",
			"Description" : "# of Million Inst.",
			"value": 0
		  }
		],
		"input_interface_list": [
			{
				"name": "i1",
				"type": {"condition1": "a", "condition2": "b"}
			}
		],
		"output_interface_list": [
			{
				"name": "o1",
				"type": {"condition1": "a", "condition2": "b"}
			}
		],
		"name": "Vertext(in1:out1)",
		"desc": "start",
		"createdAt": "2015-07-01T11:00:54.969Z",
		"updatedAt": "2015-07-01T11:00:54.969Z",
		"id": "5593c866b0c609600c70ce03"
	}
]
