{"uid":364,"nodes":[{"nid":1,"name":"WebGLRenderer","type":"WebGLRenderer","anim":false,"x":2224,"y":380,"fields":{"in":[{"name":"width","val":800},{"name":"height","val":600},{"name":"scene"},{"name":"camera"},{"name":"bg_color"},{"name":"postfx"},{"name":"shadowCameraNear","val":3},{"name":"shadowCameraFar","val":3000},{"name":"shadowMapWidth","val":512},{"name":"shadowMapHeight","val":512},{"name":"shadowMapEnabled","val":false},{"name":"shadowMapSoft","val":true}],"out":[]}},{"nid":14,"name":"ParticleSystem","type":"ParticleSystem","anim":false,"x":1642,"y":206,"fields":{"in":[{"name":"children"},{"name":"position"},{"name":"rotation"},{"name":"scale"},{"name":"doubleSided","val":false},{"name":"visible","val":true},{"name":"castShadow","val":false},{"name":"receiveShadow","val":false},{"name":"geometry"},{"name":"material"},{"name":"sortParticles","val":false}],"out":[{"name":"out"}]}},{"nid":27,"name":"Scene","type":"Scene","anim":false,"x":1990,"y":321,"fields":{"in":[{"name":"children"},{"name":"position"},{"name":"rotation"},{"name":"scale"},{"name":"doubleSided","val":false},{"name":"visible","val":true},{"name":"castShadow","val":false},{"name":"receiveShadow","val":false},{"name":"fog","val":null}],"out":[{"name":"out"}]}},{"nid":37,"name":"Camera","type":"Camera","anim":false,"x":1431,"y":719,"fields":{"in":[{"name":"fov","val":50},{"name":"aspect","val":1},{"name":"near","val":0.1},{"name":"far","val":2000},{"name":"position"},{"name":"target"},{"name":"useTarget","val":false}],"out":[{"name":"out"}]}},{"nid":47,"name":"Merge","type":"Merge","anim":false,"x":1862,"y":301,"fields":{"in":[{"name":"in0"},{"name":"in1","val":null},{"name":"in2","val":null},{"name":"in3","val":null},{"name":"in4","val":null},{"name":"in5"}],"out":[{"name":"out"}]}},{"nid":58,"name":"ParticleBasicMaterial","type":"ParticleBasicMaterial","anim":false,"x":841,"y":659,"fields":{"in":[{"name":"opacity","val":1},{"name":"transparent","val":true},{"name":"depthTest","val":false},{"name":"alphaTest","val":0},{"name":"polygonOffset","val":false},{"name":"polygonOffsetFactor","val":0},{"name":"polygonOffsetUnits","val":0},{"name":"blending","val":1},{"name":"color"},{"name":"map"},{"name":"size","val":30},{"name":"sizeAttenuation","val":true},{"name":"vertexColors","val":false}],"out":[{"name":"out"}]}},{"nid":77,"name":"Vector3","type":"Vector3","anim":false,"x":1289,"y":778,"fields":{"in":[{"name":"x","val":0},{"name":"y","val":200},{"name":"z","val":700}],"out":[{"name":"xyz"},{"name":"x","val":0},{"name":"y","val":200},{"name":"z","val":700}]}},{"nid":89,"name":"Texture","type":"Texture","anim":false,"x":514,"y":904,"fields":{"in":[{"name":"image","val":"examples/textures/sprites/spark1.png"}],"out":[{"name":"out"}]}},{"nid":94,"name":"Number","type":"Number","anim":false,"x":488,"y":743,"fields":{"in":[{"name":"in","val":0}],"out":[{"name":"out","val":0}]}},{"nid":98,"name":"Color","type":"Color","anim":false,"x":515,"y":793,"fields":{"in":[{"name":"r","val":1},{"name":"g","val":1},{"name":"b","val":1}],"out":[{"name":"rgb"},{"name":"r","val":1},{"name":"g","val":1},{"name":"b","val":1}]}},{"nid":108,"name":"Number","type":"Number","anim":false,"x":741,"y":891,"fields":{"in":[{"name":"in","val":0}],"out":[{"name":"out","val":0}]}},{"nid":112,"name":"Number","type":"Number","anim":false,"x":488,"y":692,"fields":{"in":[{"name":"in","val":1}],"out":[{"name":"out","val":1}]}},{"nid":137,"name":"Merge","type":"Merge","anim":false,"x":1825,"y":626,"fields":{"in":[{"name":"in0"},{"name":"in1"},{"name":"in2","val":null},{"name":"in3","val":null},{"name":"in4","val":null},{"name":"in5","val":null}],"out":[{"name":"out"}]}},{"nid":146,"name":"BloomPass","type":"BloomPass","anim":false,"x":1578,"y":822,"fields":{"in":[{"name":"strength","val":2.4},{"name":"kernelSize","val":25},{"name":"sigma","val":4},{"name":"resolution","val":256}],"out":[{"name":"out"}]}},{"nid":153,"name":"VignettePass","type":"VignettePass","anim":false,"x":1643,"y":915,"fields":{"in":[{"name":"offset","val":1.4},{"name":"darkness","val":1.2}],"out":[{"name":"out"}]}},{"nid":218,"name":"ParticlePool","type":"ParticlePool","anim":false,"x":1025,"y":74,"fields":{"in":[{"name":"maxParticles","val":20000}],"out":[{"name":"pool"}]}},{"nid":221,"name":"SparksPosition","type":"SparksPosition","anim":false,"x":1006,"y":168,"fields":{"in":[{"name":"zone"}],"out":[{"name":"initializer"}]}},{"nid":224,"name":"inits","type":"Merge","anim":false,"x":1136,"y":206,"fields":{"in":[{"name":"in0"},{"name":"in1"},{"name":"in2","val":null},{"name":"in3","val":null},{"name":"in4","val":null},{"name":"in5","val":null}],"out":[{"name":"out"}]}},{"nid":232,"name":"actions","type":"Merge","anim":false,"x":1136,"y":327,"fields":{"in":[{"name":"in0"},{"name":"in1"},{"name":"in2"},{"name":"in3"},{"name":"in4","val":null},{"name":"in5","val":null}],"out":[{"name":"out"}]}},{"nid":245,"name":"SparksMove","type":"SparksMove","anim":false,"x":786,"y":353,"fields":{"in":[],"out":[{"name":"action"}]}},{"nid":248,"name":"SparksRandomDrift","type":"SparksRandomDrift","anim":false,"x":746,"y":406,"fields":{"in":[{"name":"vector"}],"out":[{"name":"action"}]}},{"nid":252,"name":"SparksAge","type":"SparksAge","anim":false,"x":790,"y":450,"fields":{"in":[{"name":"easing"}],"out":[{"name":"action"}]}},{"nid":259,"name":"SparksEmitter","type":"SparksEmitter","anim":false,"x":1350,"y":205,"fields":{"in":[{"name":"counter"},{"name":"pool"},{"name":"initializers"},{"name":"actions"}],"out":[{"name":"out"}]}},{"nid":269,"name":"SparksLifetime","type":"SparksLifetime","anim":false,"x":1001,"y":229,"fields":{"in":[{"name":"min","val":4},{"name":"max","val":7}],"out":[{"name":"initializer"}]}},{"nid":274,"name":"Vector3","type":"Vector3","anim":false,"x":592,"y":419,"fields":{"in":[{"name":"x","val":500},{"name":"y","val":500},{"name":"z","val":500}],"out":[{"name":"xyz"},{"name":"x","val":500},{"name":"y","val":500},{"name":"z","val":500}]}},{"nid":282,"name":"Drift amplitude","type":"Number","anim":false,"x":399,"y":423,"fields":{"in":[{"name":"in","val":500}],"out":[{"name":"out","val":500}]}},{"nid":289,"name":"SparksPointZone","type":"SparksPointZone","anim":false,"x":865,"y":149,"fields":{"in":[{"name":"pos"}],"out":[{"name":"zone"}]}},{"nid":293,"name":"Mouse","type":"Mouse","anim":false,"x":339,"y":98,"fields":{"in":[],"out":[{"name":"xy"},{"name":"x","val":491},{"name":"y","val":78}]}},{"nid":297,"name":"Vector3","type":"Vector3","anim":false,"x":752,"y":170,"fields":{"in":[{"name":"x","val":91},{"name":"y","val":222},{"name":"z","val":0}],"out":[{"name":"xyz"},{"name":"x","val":91},{"name":"y","val":222},{"name":"z","val":0}]}},{"nid":308,"name":"MathSubtract","type":"MathSubtract","anim":false,"x":480,"y":44,"fields":{"in":[{"name":"in","val":491},{"name":"y","val":400}],"out":[{"name":"out","val":91}]}},{"nid":312,"name":"MathSubtract","type":"MathSubtract","anim":false,"x":492,"y":160,"fields":{"in":[{"name":"in","val":78},{"name":"y","val":300}],"out":[{"name":"out","val":-222}]}},{"nid":316,"name":"Number","type":"Number","anim":false,"x":296,"y":39,"fields":{"in":[{"name":"in","val":400}],"out":[{"name":"out","val":400}]}},{"nid":322,"name":"Number","type":"Number","anim":false,"x":319,"y":197,"fields":{"in":[{"name":"in","val":300}],"out":[{"name":"out","val":300}]}},{"nid":328,"name":"MathMult","type":"MathMult","anim":false,"x":634,"y":211,"fields":{"in":[{"name":"in","val":-222},{"name":"factor","val":-1}],"out":[{"name":"out","val":222}]}},{"nid":334,"name":"SparksAccelerate","type":"SparksAccelerate","anim":false,"x":762,"y":494,"fields":{"in":[{"name":"vector"}],"out":[{"name":"action"}]}},{"nid":337,"name":"Vector3","type":"Vector3","anim":false,"x":592,"y":520,"fields":{"in":[{"name":"x","val":0},{"name":"y","val":10},{"name":"z","val":0}],"out":[{"name":"xyz"},{"name":"x","val":0},{"name":"y","val":10},{"name":"z","val":0}]}},{"nid":347,"name":"SparksSteadyCounter","type":"SparksSteadyCounter","anim":false,"x":1093,"y":27,"fields":{"in":[{"name":"rate","val":2000}],"out":[{"name":"counter"}]}},{"nid":351,"name":"SparksCubeZone","type":"SparksCubeZone","anim":false,"x":869,"y":204,"fields":{"in":[{"name":"position"},{"name":"x","val":10},{"name":"y","val":10},{"name":"z","val":10}],"out":[{"name":"zone"}]}},{"nid":357,"name":"start zone size","type":"Number","anim":false,"x":604,"y":281,"fields":{"in":[{"name":"in","val":10}],"out":[{"name":"out","val":10}]}}],"connections":[{"id":46,"from_node":37,"from":"out","to_node":1,"to":"camera"},{"id":55,"from_node":47,"from":"out","to_node":27,"to":"children"},{"id":56,"from_node":37,"from":"out","to_node":47,"to":"in5"},{"id":57,"from_node":14,"from":"out","to_node":47,"to":"in0"},{"id":86,"from_node":77,"from":"xyz","to_node":37,"to":"position"},{"id":88,"from_node":58,"from":"out","to_node":14,"to":"material"},{"id":92,"from_node":89,"from":"out","to_node":58,"to":"map"},{"id":93,"from_node":27,"from":"out","to_node":1,"to":"scene"},{"id":97,"from_node":94,"from":"out","to_node":58,"to":"depthTest"},{"id":107,"from_node":98,"from":"rgb","to_node":58,"to":"color"},{"id":111,"from_node":108,"from":"out","to_node":14,"to":"sortParticles"},{"id":115,"from_node":112,"from":"out","to_node":58,"to":"transparent"},{"id":116,"from_node":94,"from":"out","to_node":58,"to":"alphaTest"},{"id":145,"from_node":137,"from":"out","to_node":1,"to":"postfx"},{"id":152,"from_node":146,"from":"out","to_node":137,"to":"in0"},{"id":157,"from_node":153,"from":"out","to_node":137,"to":"in1"},{"id":240,"from_node":221,"from":"initializer","to_node":224,"to":"in0"},{"id":247,"from_node":245,"from":"action","to_node":232,"to":"in0"},{"id":251,"from_node":248,"from":"action","to_node":232,"to":"in1"},{"id":255,"from_node":252,"from":"action","to_node":232,"to":"in2"},{"id":265,"from_node":224,"from":"out","to_node":259,"to":"initializers"},{"id":266,"from_node":232,"from":"out","to_node":259,"to":"actions"},{"id":267,"from_node":218,"from":"pool","to_node":259,"to":"pool"},{"id":268,"from_node":259,"from":"out","to_node":14,"to":"geometry"},{"id":273,"from_node":269,"from":"initializer","to_node":224,"to":"in1"},{"id":285,"from_node":282,"from":"out","to_node":274,"to":"x"},{"id":286,"from_node":282,"from":"out","to_node":274,"to":"y"},{"id":287,"from_node":282,"from":"out","to_node":274,"to":"z"},{"id":288,"from_node":274,"from":"xyz","to_node":248,"to":"vector"},{"id":307,"from_node":297,"from":"xyz","to_node":289,"to":"pos"},{"id":319,"from_node":316,"from":"out","to_node":308,"to":"y"},{"id":320,"from_node":293,"from":"x","to_node":308,"to":"in"},{"id":321,"from_node":308,"from":"out","to_node":297,"to":"x"},{"id":325,"from_node":293,"from":"y","to_node":312,"to":"in"},{"id":326,"from_node":322,"from":"out","to_node":312,"to":"y"},{"id":332,"from_node":312,"from":"out","to_node":328,"to":"in"},{"id":333,"from_node":328,"from":"out","to_node":297,"to":"y"},{"id":345,"from_node":337,"from":"xyz","to_node":334,"to":"vector"},{"id":346,"from_node":334,"from":"action","to_node":232,"to":"in3"},{"id":350,"from_node":347,"from":"counter","to_node":259,"to":"counter"},{"id":360,"from_node":357,"from":"out","to_node":351,"to":"x"},{"id":361,"from_node":357,"from":"out","to_node":351,"to":"y"},{"id":362,"from_node":357,"from":"out","to_node":351,"to":"z"},{"id":363,"from_node":297,"from":"xyz","to_node":351,"to":"position"},{"id":364,"from_node":351,"from":"zone","to_node":221,"to":"zone"}]}