{"uid":242,"nodes":[{"nid":1,"type":"WebGLRenderer","x":1700,"y":523,"fields":{"in":[{"name":"width","val":800},{"name":"height","val":600},{"name":"scene"},{"name":"camera"},{"name":"bg_color"},{"name":"postfx"},{"name":"shadowCameraNear","val":3},{"name":"shadowCameraFar","val":3000},{"name":"shadowMapWidth","val":512},{"name":"shadowMapHeight","val":512},{"name":"shadowMapEnabled","val":false},{"name":"shadowMapSoft","val":true}],"out":[]}},{"nid":14,"type":"Scene","x":1477,"y":407,"fields":{"in":[{"name":"children"},{"name":"position"},{"name":"rotation"},{"name":"scale"},{"name":"doubleSided","val":false},{"name":"visible","val":true},{"name":"castShadow","val":false},{"name":"receiveShadow","val":false}],"out":[{"name":"out"}]}},{"nid":25,"type":"Camera","x":1162,"y":667,"fields":{"in":[{"name":"fov","val":50},{"name":"aspect","val":1},{"name":"near","val":0.1},{"name":"far","val":2000},{"name":"position"},{"name":"target"},{"name":"useTarget","val":false}],"out":[{"name":"out"}]}},{"nid":34,"type":"Merge","x":1379,"y":407,"fields":{"in":[{"name":"in0"},{"name":"in1"},{"name":"in2","val":null},{"name":"in3"},{"name":"in4"},{"name":"in5"}],"out":[{"name":"out"}]}},{"nid":45,"type":"Color","x":1483,"y":670,"fields":{"in":[{"name":"rgb"},{"name":"r","val":0.0784313725490196},{"name":"g","val":0.06666666666666667},{"name":"b","val":0.0784313725490196}],"out":[{"name":"rgb"},{"name":"r","val":0.0784313725490196},{"name":"g","val":0.06666666666666667},{"name":"b","val":0.0784313725490196}]}},{"nid":55,"type":"ThreeMesh","x":1026,"y":66,"fields":{"in":[{"name":"children"},{"name":"position"},{"name":"rotation"},{"name":"scale"},{"name":"doubleSided","val":false},{"name":"visible","val":true},{"name":"castShadow","val":false},{"name":"receiveShadow","val":false},{"name":"geometry"},{"name":"material"},{"name":"overdraw","val":false}],"out":[{"name":"out"}]}},{"nid":69,"type":"TorusGeometry","x":726,"y":136,"fields":{"in":[{"name":"radius","val":100},{"name":"tube","val":40},{"name":"segmentsR","val":8},{"name":"segmentsT","val":32},{"name":"arc","val":6.283185307179586}],"out":[{"name":"out"}]}},{"nid":77,"type":"Vector3","x":1002,"y":686,"fields":{"in":[{"name":"xyz","val":false},{"name":"x","val":0},{"name":"y","val":0},{"name":"z","val":700}],"out":[{"name":"xyz"},{"name":"x","val":0},{"name":"y","val":0},{"name":"z","val":700}]}},{"nid":87,"type":"Vector3","x":759,"y":32,"fields":{"in":[{"name":"xyz","val":false},{"name":"x","val":57.1777},{"name":"y","val":57.1777},{"name":"z","val":57.1777}],"out":[{"name":"xyz"},{"name":"x","val":57.1777},{"name":"y","val":57.1777},{"name":"z","val":57.1777}]}},{"nid":97,"type":"PointLight","x":1174,"y":547,"fields":{"in":[{"name":"color"},{"name":"position"},{"name":"intensity","val":1.3},{"name":"distance","val":0}],"out":[{"name":"out"}]}},{"nid":104,"type":"MeshLambertMaterial","x":787,"y":240,"fields":{"in":[{"name":"opacity","val":1},{"name":"transparent","val":false},{"name":"depthTest","val":true},{"name":"alphaTest","val":0},{"name":"polygonOffset","val":false},{"name":"polygonOffsetFactor","val":0},{"name":"polygonOffsetUnits","val":0},{"name":"blending","val":0},{"name":"color"},{"name":"reflectivity","val":1},{"name":"refractionRatio","val":0.98},{"name":"wireframe","val":false},{"name":"vertexColors","val":false},{"name":"skinning","val":false}],"out":[{"name":"out"}]}},{"nid":121,"type":"Timer","x":355,"y":156,"fields":{"in":[{"name":"reset","val":false},{"name":"pause","val":false},{"name":"max","val":99999999999}],"out":[{"name":"out","val":571777}]}},{"nid":126,"type":"MathMult","x":542,"y":139,"fields":{"in":[{"name":"in","val":571777},{"name":"factor","val":0.0001}],"out":[{"name":"out","val":57.1777}]}},{"nid":134,"type":"TorusKnotGeometry","x":387,"y":630,"fields":{"in":[{"name":"radius","val":700},{"name":"tube","val":5},{"name":"segmentsR","val":256},{"name":"segmentsT","val":16},{"name":"p","val":12},{"name":"q","val":5},{"name":"heightScale","val":5}],"out":[{"name":"out"}]}},{"nid":143,"type":"ThreeMesh","x":722,"y":545,"fields":{"in":[{"name":"children"},{"name":"position"},{"name":"rotation"},{"name":"scale"},{"name":"doubleSided","val":false},{"name":"visible","val":true},{"name":"castShadow","val":false},{"name":"receiveShadow","val":false},{"name":"geometry"},{"name":"material"},{"name":"overdraw","val":false}],"out":[{"name":"out"}]}},{"nid":158,"type":"Vector3","x":586,"y":481,"fields":{"in":[{"name":"xyz","val":false},{"name":"x","val":0},{"name":"y","val":57.1777},{"name":"z","val":0}],"out":[{"name":"xyz"},{"name":"x","val":0},{"name":"y","val":57.1777},{"name":"z","val":0}]}},{"nid":169,"type":"Color","x":655,"y":313,"fields":{"in":[{"name":"rgb"},{"name":"r","val":1},{"name":"g","val":0},{"name":"b","val":0.3333333333333333}],"out":[{"name":"rgb"},{"name":"r","val":1},{"name":"g","val":0},{"name":"b","val":0.3333333333333333}]}},{"nid":179,"type":"MeshPhongMaterial","x":492,"y":808,"fields":{"in":[{"name":"opacity","val":1},{"name":"transparent","val":false},{"name":"depthTest","val":true},{"name":"alphaTest","val":0},{"name":"polygonOffset","val":false},{"name":"polygonOffsetFactor","val":0},{"name":"polygonOffsetUnits","val":0},{"name":"blending","val":0},{"name":"color"},{"name":"ambient"},{"name":"specular"},{"name":"shininess","val":30},{"name":"reflectivity","val":1},{"name":"refractionRatio","val":0.98},{"name":"wireframe","val":false},{"name":"vertexColors","val":false},{"name":"skinning","val":false}],"out":[{"name":"out"}]}},{"nid":199,"type":"Color","x":279,"y":961,"fields":{"in":[{"name":"rgb"},{"name":"r","val":0.03137254901960784},{"name":"g","val":0.5490196078431373},{"name":"b","val":1}],"out":[{"name":"rgb"},{"name":"r","val":0.03137254901960784},{"name":"g","val":0.5490196078431373},{"name":"b","val":1}]}},{"nid":209,"type":"AmbientLight","x":1103,"y":385,"fields":{"in":[{"name":"color"},{"name":"position"}],"out":[{"name":"out"}]}},{"nid":215,"type":"Merge","x":1521,"y":791,"fields":{"in":[{"name":"in0"},{"name":"in1"},{"name":"in2"},{"name":"in3","val":null},{"name":"in4","val":null},{"name":"in5","val":null}],"out":[{"name":"out"}]}},{"nid":224,"type":"BloomPass","x":1092,"y":819,"fields":{"in":[{"name":"strength","val":1.8},{"name":"kernelSize","val":25},{"name":"sigma","val":4},{"name":"resolution","val":256}],"out":[{"name":"out"}]}},{"nid":231,"type":"VignettePass","x":1063,"y":934,"fields":{"in":[{"name":"offset","val":2},{"name":"darkness","val":1.2}],"out":[{"name":"out"}]}},{"nid":236,"type":"FilmPass","x":1149,"y":999,"fields":{"in":[{"name":"noiseIntensity","val":0.7},{"name":"scanlinesIntensity","val":0.2},{"name":"scanlinesCount","val":2048},{"name":"grayscale","val":false}],"out":[{"name":"out"}]}}],"connections":[{"id":24,"from_node":14,"from":"out","to_node":1,"to":"scene"},{"id":42,"from_node":25,"from":"out","to_node":34,"to":"in5"},{"id":43,"from_node":25,"from":"out","to_node":1,"to":"camera"},{"id":44,"from_node":34,"from":"out","to_node":14,"to":"children"},{"id":54,"from_node":45,"from":"rgb","to_node":1,"to":"bg_color"},{"id":68,"from_node":55,"from":"out","to_node":34,"to":"in0"},{"id":76,"from_node":69,"from":"out","to_node":55,"to":"geometry"},{"id":86,"from_node":77,"from":"xyz","to_node":25,"to":"position"},{"id":96,"from_node":87,"from":"xyz","to_node":55,"to":"rotation"},{"id":103,"from_node":97,"from":"out","to_node":34,"to":"in4"},{"id":120,"from_node":104,"from":"out","to_node":55,"to":"material"},{"id":130,"from_node":121,"from":"out","to_node":126,"to":"in"},{"id":131,"from_node":126,"from":"out","to_node":87,"to":"y"},{"id":132,"from_node":126,"from":"out","to_node":87,"to":"z"},{"id":133,"from_node":126,"from":"out","to_node":87,"to":"x"},{"id":156,"from_node":143,"from":"out","to_node":34,"to":"in1"},{"id":157,"from_node":134,"from":"out","to_node":143,"to":"geometry"},{"id":167,"from_node":126,"from":"out","to_node":158,"to":"y"},{"id":168,"from_node":158,"from":"xyz","to_node":143,"to":"rotation"},{"id":178,"from_node":169,"from":"rgb","to_node":104,"to":"color"},{"id":198,"from_node":179,"from":"out","to_node":143,"to":"material"},{"id":208,"from_node":199,"from":"rgb","to_node":179,"to":"color"},{"id":214,"from_node":209,"from":"out","to_node":34,"to":"in3"},{"id":223,"from_node":215,"from":"out","to_node":1,"to":"postfx"},{"id":230,"from_node":224,"from":"out","to_node":215,"to":"in0"},{"id":235,"from_node":231,"from":"out","to_node":215,"to":"in1"},{"id":242,"from_node":236,"from":"out","to_node":215,"to":"in2"}]}