{"uid":99,"nodes":[{"nid":1,"type":"WebGLRenderer","x":1149,"y":290,"fields":{"in":[{"name":"width","val":800},{"name":"height","val":600},{"name":"scene"},{"name":"camera"},{"name":"bg_color"},{"name":"postfx"},{"name":"shadowCameraNear","val":3},{"name":"shadowCameraFar","val":3000},{"name":"shadowMapWidth","val":512},{"name":"shadowMapHeight","val":512},{"name":"shadowMapEnabled","val":false},{"name":"shadowMapSoft","val":true}],"out":[]}},{"nid":14,"type":"Camera","x":637,"y":443,"fields":{"in":[{"name":"fov","val":50},{"name":"aspect","val":1},{"name":"near","val":0.1},{"name":"far","val":2000},{"name":"position"},{"name":"target"},{"name":"useTarget","val":false}],"out":[{"name":"out"}]}},{"nid":23,"type":"Scene","x":916,"y":217,"fields":{"in":[{"name":"children"},{"name":"position"},{"name":"rotation"},{"name":"scale"},{"name":"doubleSided","val":false},{"name":"visible","val":true},{"name":"castShadow","val":false},{"name":"receiveShadow","val":false}],"out":[{"name":"out"}]}},{"nid":35,"type":"Merge","x":818,"y":217,"fields":{"in":[{"name":"in0"},{"name":"in1","val":null},{"name":"in2","val":null},{"name":"in3","val":null},{"name":"in4","val":null},{"name":"in5"}],"out":[{"name":"out"}]}},{"nid":45,"type":"Color","x":950,"y":484,"fields":{"in":[{"name":"rgb"},{"name":"r","val":0.4196078431372549},{"name":"g","val":0.48627450980392156},{"name":"b","val":0.5019607843137255}],"out":[{"name":"rgb"},{"name":"r","val":0.4196078431372549},{"name":"g","val":0.48627450980392156},{"name":"b","val":0.5019607843137255}]}},{"nid":55,"type":"Vector3","x":479,"y":503,"fields":{"in":[{"name":"xyz","val":false},{"name":"x","val":200},{"name":"y","val":300},{"name":"z","val":700}],"out":[{"name":"xyz"},{"name":"x","val":200},{"name":"y","val":300},{"name":"z","val":700}]}},{"nid":65,"type":"ThreeMesh","x":587,"y":192,"fields":{"in":[{"name":"children"},{"name":"position"},{"name":"rotation"},{"name":"scale"},{"name":"doubleSided","val":false},{"name":"visible","val":true},{"name":"castShadow","val":false},{"name":"receiveShadow","val":false},{"name":"geometry"},{"name":"material"},{"name":"overdraw","val":false}],"out":[{"name":"out"}]}},{"nid":79,"type":"Timer","x":209,"y":182,"fields":{"in":[{"name":"reset","val":false},{"name":"pause","val":false},{"name":"max","val":99999999999}],"out":[{"name":"out","val":79437}]}},{"nid":84,"type":"MathMult","x":384,"y":182,"fields":{"in":[{"name":"in","val":79437},{"name":"factor","val":0.001}],"out":[{"name":"out","val":79.437}]}},{"nid":89,"type":"Vector3","x":486,"y":188,"fields":{"in":[{"name":"xyz","val":false},{"name":"x","val":0},{"name":"y","val":79.437},{"name":"z","val":0}],"out":[{"name":"xyz"},{"name":"x","val":0},{"name":"y","val":79.437},{"name":"z","val":0}]}}],"connections":[{"id":33,"from_node":23,"from":"out","to_node":1,"to":"scene"},{"id":34,"from_node":14,"from":"out","to_node":1,"to":"camera"},{"id":43,"from_node":14,"from":"out","to_node":35,"to":"in5"},{"id":44,"from_node":35,"from":"out","to_node":23,"to":"children"},{"id":54,"from_node":45,"from":"rgb","to_node":1,"to":"bg_color"},{"id":64,"from_node":55,"from":"xyz","to_node":14,"to":"position"},{"id":78,"from_node":65,"from":"out","to_node":35,"to":"in0"},{"id":88,"from_node":79,"from":"out","to_node":84,"to":"in"},{"id":98,"from_node":89,"from":"xyz","to_node":65,"to":"rotation"},{"id":99,"from_node":84,"from":"out","to_node":89,"to":"y"}]}