{"uid":499,"nodes":[{"nid":1,"name":"Mp3Input","type":"Mp3Input","anim":false,"x":218,"y":496,"fields":{"in":[{"name":"url","val":"assets/sound/Radio for the Daydreamers - Wasted Faces (Seiswork remix).mp3"},{"name":"smoothingTime","val":0.3}],"out":[{"name":"average","val":109.46183953033268},{"name":"low","val":146.20710059171597},{"name":"medium","val":117.98235294117647},{"name":"high","val":65.7}]}},{"nid":15,"name":"MathMult","type":"MathMult","anim":false,"x":656,"y":129,"fields":{"in":[{"name":"in","val":146.20710059171597},{"name":"factor","val":-0.0026305894505836026}],"out":[{"name":"out","val":-0.3846108564169836}]}},{"nid":21,"name":"cube.scale","type":"Number","anim":{"in":[{"time":53.21986923097888,"value":0.01,"easing":"Linear.EaseNone"},{"time":53.482571933681584,"value":0.001,"easing":"Linear.EaseNone"},{"time":63.20257193368158,"value":0.01,"easing":"Linear.EaseNone"}]},"x":309,"y":117,"fields":{"in":[{"name":"in","val":0.010000000000000002}],"out":[{"name":"out","val":0.010000000000000002}]}},{"nid":33,"name":"MathAdd","type":"MathAdd","anim":false,"x":765,"y":129,"fields":{"in":[{"name":"in","val":-0.3846108564169836},{"name":"y","val":0.0001}],"out":[{"name":"out","val":-0.3845108564169836}]}},{"nid":39,"name":"Vector3","type":"Vector3","anim":false,"x":876,"y":125,"fields":{"in":[{"name":"x","val":-0.3845108564169836},{"name":"y","val":-0.3845108564169836},{"name":"z","val":-0.3845108564169836}],"out":[{"name":"xyz"},{"name":"x","val":-0.3845108564169836},{"name":"y","val":-0.3845108564169836},{"name":"z","val":-0.3845108564169836}]}},{"nid":50,"name":"Merge","type":"Merge","anim":false,"x":540,"y":217,"fields":{"in":[{"name":"in0","val":146.20710059171597},{"name":"in1","val":117.98235294117647},{"name":"in2","val":65.7},{"name":"in3","val":null},{"name":"in4","val":null},{"name":"in5","val":null}],"out":[{"name":"out"}]}},{"nid":62,"name":"WebGLRenderer","type":"WebGLRenderer","anim":false,"x":3562,"y":622,"fields":{"in":[{"name":"width","val":800},{"name":"height","val":600},{"name":"scene"},{"name":"camera"},{"name":"bg_color"},{"name":"postfx"},{"name":"shadowCameraNear","val":3},{"name":"shadowCameraFar","val":3000},{"name":"shadowMapWidth","val":512},{"name":"shadowMapHeight","val":512},{"name":"shadowMapEnabled","val":false},{"name":"shadowMapSoft","val":true}],"out":[]}},{"nid":75,"name":"Scene","type":"Scene","anim":false,"x":3224,"y":498,"fields":{"in":[{"name":"children"},{"name":"position"},{"name":"rotation"},{"name":"scale"},{"name":"doubleSided","val":false},{"name":"visible","val":true},{"name":"castShadow","val":false},{"name":"receiveShadow","val":false},{"name":"fog","val":null}],"out":[{"name":"out"}]}},{"nid":86,"name":"Camera","type":"Camera","anim":false,"x":1788,"y":1156,"fields":{"in":[{"name":"fov","val":50},{"name":"aspect","val":1},{"name":"near","val":0.1},{"name":"far","val":2000},{"name":"position"},{"name":"target"},{"name":"useTarget","val":false}],"out":[{"name":"out"}]}},{"nid":95,"name":"Object3D","type":"Object3D","anim":false,"x":1991,"y":1174,"fields":{"in":[{"name":"children"},{"name":"position"},{"name":"rotation"},{"name":"scale"},{"name":"doubleSided","val":false},{"name":"visible","val":true},{"name":"castShadow","val":false},{"name":"receiveShadow","val":false}],"out":[{"name":"out"}]}},{"nid":105,"name":"ThreeMesh","type":"ThreeMesh","anim":false,"x":2485,"y":270,"fields":{"in":[{"name":"children"},{"name":"position"},{"name":"rotation"},{"name":"scale"},{"name":"doubleSided","val":false},{"name":"visible","val":true},{"name":"castShadow","val":false},{"name":"receiveShadow","val":false},{"name":"geometry"},{"name":"material"},{"name":"overdraw","val":false}],"out":[{"name":"out"}]}},{"nid":118,"name":"Merge","type":"Merge","anim":false,"x":2953,"y":417,"fields":{"in":[{"name":"in0"},{"name":"in1","val":null},{"name":"in2","val":null},{"name":"in3","val":null},{"name":"in4"},{"name":"in5"}],"out":[{"name":"out"}]}},{"nid":128,"name":"cam.pos","type":"Vector3","anim":{"x":[],"y":[{"time":0,"value":500,"easing":"Linear.EaseNone"},{"time":108.175028937133,"value":500,"easing":"Linear.EaseNone"},{"time":162.1212250560406,"value":2000,"easing":"Linear.EaseNone"}],"z":[{"time":0,"value":1300,"easing":"Cubic.EaseOut"},{"time":52.346594069912925,"value":1500,"easing":"Cubic.EaseOut"},{"time":52.402571933681585,"value":200,"easing":"Linear.EaseNone"},{"time":80.9518141260657,"value":400,"easing":"Linear.EaseNone"},{"time":81.24258335683493,"value":700,"easing":"Linear.EaseNone"},{"time":108.13349047559454,"value":700,"easing":"Linear.EaseNone"},{"time":108.18406111668293,"value":0,"easing":"Linear.EaseNone"}]},"x":1672,"y":1185,"fields":{"in":[{"name":"x","val":0},{"name":"y","val":500},{"name":"z","val":349.56849532431164}],"out":[{"name":"xyz"},{"name":"x","val":0},{"name":"y","val":500},{"name":"z","val":349.56849532431164}]}},{"nid":142,"name":"position","type":"Vector3","anim":false,"x":1810,"y":435,"fields":{"in":[{"name":"x","val":-65.71233294967857},{"name":"y","val":-99.8514264425596},{"name":"z","val":-293.3467938031035}],"out":[{"name":"xyz"},{"name":"x","val":-65.71233294967857},{"name":"y","val":-99.8514264425596},{"name":"z","val":-293.3467938031035}]}},{"nid":150,"name":"MeshPhongMaterial","type":"MeshPhongMaterial","anim":false,"x":2055,"y":578,"fields":{"in":[{"name":"opacity","val":0.4},{"name":"transparent","val":true},{"name":"depthTest","val":true},{"name":"alphaTest","val":0},{"name":"polygonOffset","val":false},{"name":"polygonOffsetFactor","val":0},{"name":"polygonOffsetUnits","val":0},{"name":"blending","val":1},{"name":"color"},{"name":"map","val":false},{"name":"ambient"},{"name":"specular"},{"name":"shininess","val":30},{"name":"reflectivity","val":1},{"name":"refractionRatio","val":0.98},{"name":"wireframe","val":true},{"name":"vertexColors","val":false},{"name":"skinning","val":false},{"name":"fog","val":true}],"out":[{"name":"out"}]}},{"nid":172,"name":"SpotLight","type":"SpotLight","anim":false,"x":2154,"y":925,"fields":{"in":[{"name":"color"},{"name":"position"},{"name":"target"},{"name":"intensity","val":1},{"name":"distance","val":0},{"name":"castShadow","val":false}],"out":[{"name":"out"}]}},{"nid":182,"name":"Number","type":"Number","anim":false,"x":1204,"y":147,"fields":{"in":[{"name":"in","val":-0.17366995036702734}],"out":[{"name":"out","val":-0.17366995036702734}]}},{"nid":185,"name":"Get","type":"Get","anim":false,"x":1070,"y":139,"fields":{"in":[{"name":"array"},{"name":"index","val":1}],"out":[{"name":"out","val":-0.17366995036702734}]}},{"nid":191,"name":"RandomSpread","type":"RandomSpread","anim":false,"x":1375,"y":622,"fields":{"in":[{"name":"count","val":103.2459233653712},{"name":"seed","val":626745},{"name":"width","val":889.6993902300467},{"name":"offset","val":0}],"out":[{"name":"out","val":-65.71233294967857}]}},{"nid":197,"name":"RandomSpread","type":"RandomSpread","anim":false,"x":1378,"y":714,"fields":{"in":[{"name":"count","val":103.2459233653712},{"name":"seed","val":186710790},{"name":"width","val":889.6993902300467},{"name":"offset","val":0}],"out":[{"name":"out","val":-322.66151650265886}]}},{"nid":203,"name":"RandomSpread","type":"RandomSpread","anim":false,"x":1376,"y":806,"fields":{"in":[{"name":"count","val":103.2459233653712},{"name":"seed","val":207270},{"name":"width","val":889.6993902300467},{"name":"offset","val":0}],"out":[{"name":"out","val":-293.3467938031035}]}},{"nid":209,"name":"count","type":"Number","anim":false,"x":1024,"y":820,"fields":{"in":[{"name":"in","val":103.2459233653712}],"out":[{"name":"out","val":103.2459233653712}]}},{"nid":215,"name":"seed_mult","type":"Number","anim":false,"x":1024,"y":514,"fields":{"in":[{"name":"in","val":4935}],"out":[{"name":"out","val":4935}]}},{"nid":221,"name":"MathMult","type":"MathMult","anim":false,"x":1231,"y":515,"fields":{"in":[{"name":"in","val":127},{"name":"factor","val":4935}],"out":[{"name":"out","val":626745}]}},{"nid":225,"name":"MathMult","type":"MathMult","anim":false,"x":1187,"y":583,"fields":{"in":[{"name":"in","val":37834},{"name":"factor","val":4935}],"out":[{"name":"out","val":186710790}]}},{"nid":229,"name":"MathMult","type":"MathMult","anim":false,"x":1158,"y":654,"fields":{"in":[{"name":"in","val":42},{"name":"factor","val":4935}],"out":[{"name":"out","val":207270}]}},{"nid":240,"name":"position width","type":"Number","anim":{"in":[{"time":0,"value":600,"easing":"Linear.EaseNone"},{"time":27.38571428571429,"value":700,"easing":"Cubic.EaseOut"},{"time":30.008571428571432,"value":1500,"easing":"Linear.EaseNone"},{"time":54.00813253145138,"value":1700,"easing":"Linear.EaseNone"},{"time":54.13274791606676,"value":500,"easing":"Linear.EaseNone"},{"time":94.41027566452725,"value":1300,"easing":"Linear.EaseNone"},{"time":96.32104489529647,"value":2000,"easing":"Linear.EaseNone"},{"time":242.5,"value":1500,"easing":"Linear.EaseNone"}]},"x":1040,"y":928,"fields":{"in":[{"name":"in","val":889.6993902300467}],"out":[{"name":"out","val":889.6993902300467}]}},{"nid":246,"name":"Color","type":"Color","anim":false,"x":1925,"y":696,"fields":{"in":[{"name":"r","val":1},{"name":"g","val":0.5490196078431373},{"name":"b","val":0}],"out":[{"name":"rgb"},{"name":"r","val":1},{"name":"g","val":0.5490196078431373},{"name":"b","val":0}]}},{"nid":255,"name":"RandomSpread","type":"RandomSpread","anim":false,"x":1375,"y":1035,"fields":{"in":[{"name":"count","val":103.2459233653712},{"name":"seed","val":186710790},{"name":"width","val":1},{"name":"offset","val":0}],"out":[{"name":"out","val":-0.36266352438347665}]}},{"nid":261,"name":"RandomSpread","type":"RandomSpread","anim":false,"x":1375,"y":1124,"fields":{"in":[{"name":"count","val":103.2459233653712},{"name":"seed","val":207270},{"name":"width","val":1},{"name":"offset","val":0}],"out":[{"name":"out","val":-0.3297145047241785}]}},{"nid":267,"name":"RandomSpread","type":"RandomSpread","anim":false,"x":1378,"y":947,"fields":{"in":[{"name":"count","val":103.2459233653712},{"name":"seed","val":626745},{"name":"width","val":1},{"name":"offset","val":0}],"out":[{"name":"out","val":-0.07385902887118712}]}},{"nid":273,"name":"rotation","type":"Vector3","anim":false,"x":1682,"y":657,"fields":{"in":[{"name":"x","val":-0.07385902887118712},{"name":"y","val":-0.36266352438347665},{"name":"z","val":-0.3297145047241785}],"out":[{"name":"xyz"},{"name":"x","val":-0.07385902887118712},{"name":"y","val":-0.36266352438347665},{"name":"z","val":-0.3297145047241785}]}},{"nid":297,"name":"cube.scale Spread","type":"RandomSpread","anim":false,"x":485,"y":38,"fields":{"in":[{"name":"count","val":247.79021607689086},{"name":"seed","val":31246.5},{"name":"width","val":0.010000000000000002},{"name":"offset","val":0}],"out":[{"name":"out","val":-0.0026305894505836026}]}},{"nid":306,"name":"Wireframe","type":"Merge","anim":false,"x":1929,"y":802,"fields":{"in":[{"name":"in0","val":1},{"name":"in1","val":0},{"name":"in2","val":0},{"name":"in3","val":null},{"name":"in4","val":null},{"name":"in5","val":null}],"out":[{"name":"out"}]}},{"nid":314,"name":"Number","type":"Number","anim":false,"x":1733,"y":807,"fields":{"in":[{"name":"in","val":1}],"out":[{"name":"out","val":1}]}},{"nid":317,"name":"Number","type":"Number","anim":false,"x":1733,"y":857,"fields":{"in":[{"name":"in","val":0}],"out":[{"name":"out","val":0}]}},{"nid":324,"name":"Number","type":"Number","anim":false,"x":534,"y":542,"fields":{"in":[{"name":"in","val":117.98235294117647}],"out":[{"name":"out","val":117.98235294117647}]}},{"nid":333,"name":"IfElse","type":"IfElse","anim":false,"x":1258,"y":307,"fields":{"in":[{"name":"condition","val":false},{"name":"val1","val":1},{"name":"val2","val":0}],"out":[{"name":"out","val":1}]}},{"nid":338,"name":"Random","type":"Random","anim":false,"x":776,"y":287,"fields":{"in":[{"name":"min","val":0},{"name":"max","val":1}],"out":[{"name":"out","val":0.5197885304223746}]}},{"nid":342,"name":"Greater","type":"Greater","anim":false,"x":954,"y":238,"fields":{"in":[{"name":"val1","val":117.98235294117647},{"name":"val2","val":100}],"out":[{"name":"out","val":true}]}},{"nid":348,"name":"Number","type":"Number","anim":false,"x":777,"y":224,"fields":{"in":[{"name":"in","val":100}],"out":[{"name":"out","val":100}]}},{"nid":352,"name":"And","type":"And","anim":false,"x":1060,"y":237,"fields":{"in":[{"name":"val1","val":true},{"name":"val2","val":false}],"out":[{"name":"out","val":false}]}},{"nid":358,"name":"Number","type":"Number","anim":false,"x":776,"y":351,"fields":{"in":[{"name":"in","val":0.95}],"out":[{"name":"out","val":0.95}]}},{"nid":361,"name":"Greater","type":"Greater","anim":false,"x":954,"y":311,"fields":{"in":[{"name":"val1","val":0.5197885304223746},{"name":"val2","val":0.95}],"out":[{"name":"out","val":false}]}},{"nid":368,"name":"Number","type":"Number","anim":false,"x":1061,"y":298,"fields":{"in":[{"name":"in","val":1}],"out":[{"name":"out","val":1}]}},{"nid":371,"name":"Number","type":"Number","anim":false,"x":1061,"y":345,"fields":{"in":[{"name":"in","val":0}],"out":[{"name":"out","val":0}]}},{"nid":382,"name":"scale_random_count","type":"Number","anim":false,"x":296,"y":37,"fields":{"in":[{"name":"in","val":247.79021607689086}],"out":[{"name":"out","val":247.79021607689086}]}},{"nid":387,"name":"Merge","type":"Merge","anim":false,"x":3293,"y":943,"fields":{"in":[{"name":"in0"},{"name":"in1"},{"name":"in2"},{"name":"in3","val":null},{"name":"in4","val":null},{"name":"in5","val":null}],"out":[{"name":"out"}]}},{"nid":396,"name":"BloomPass","type":"BloomPass","anim":false,"x":2940,"y":978,"fields":{"in":[{"name":"strength","val":1.2},{"name":"kernelSize","val":25},{"name":"sigma","val":4},{"name":"resolution","val":256}],"out":[{"name":"out"}]}},{"nid":403,"name":"FilmPass","type":"FilmPass","anim":{"noiseIntensity":[{"time":48.52505560837446,"value":0.5,"easing":"Linear.EaseNone"},{"time":53.84197868529753,"value":0.8,"easing":"Linear.EaseNone"},{"time":54.29890176222061,"value":0.6,"easing":"Linear.EaseNone"}],"scanlinesIntensity":[{"time":48.52505560837446,"value":0.125,"easing":"Linear.EaseNone"},{"time":53.96659406991292,"value":0.4,"easing":"Linear.EaseNone"},{"time":54.50659406991292,"value":0.15,"easing":"Linear.EaseNone"}],"scanlinesCount":[],"grayscale":[]},"x":2984,"y":1201,"fields":{"in":[{"name":"noiseIntensity","val":0.6},{"name":"scanlinesIntensity","val":0.15000000000000002},{"name":"scanlinesCount","val":2048},{"name":"grayscale","val":false}],"out":[{"name":"out"}]}},{"nid":410,"name":"VignettePass","type":"VignettePass","anim":{"offset":[{"time":47.943517146836,"value":1,"easing":"Linear.EaseNone"},{"time":54.00813253145138,"value":3,"easing":"Linear.EaseNone"},{"time":54.21582483914369,"value":1,"easing":"Linear.EaseNone"}],"darkness":[]},"x":2992,"y":1095,"fields":{"in":[{"name":"offset","val":1},{"name":"darkness","val":1}],"out":[{"name":"out"}]}},{"nid":426,"name":"Vector3","type":"Vector3","anim":false,"x":1814,"y":1330,"fields":{"in":[{"name":"x","val":0},{"name":"y","val":5.14264},{"name":"z","val":0}],"out":[{"name":"xyz"},{"name":"x","val":0},{"name":"y","val":5.14264},{"name":"z","val":0}]}},{"nid":434,"name":"Timer","type":"Timer","anim":false,"x":1517,"y":1334,"fields":{"in":[{"name":"reset","val":false},{"name":"pause","val":false},{"name":"max","val":99999999999}],"out":[{"name":"out","val":257132}]}},{"nid":439,"name":"Number","type":"Number","anim":false,"x":1466,"y":1461,"fields":{"in":[{"name":"in","val":0.00002}],"out":[{"name":"out","val":0.00002}]}},{"nid":442,"name":"MathMult","type":"MathMult","anim":false,"x":1709,"y":1353,"fields":{"in":[{"name":"in","val":257132},{"name":"factor","val":0.00002}],"out":[{"name":"out","val":5.14264}]}},{"nid":454,"name":"Timer","type":"Timer","anim":false,"x":746,"y":502,"fields":{"in":[{"name":"reset","val":false},{"name":"pause","val":true},{"name":"max","val":99999999999}],"out":[{"name":"out","val":4934}]}},{"nid":461,"name":"MathMult","type":"MathMult","anim":false,"x":1662,"y":481,"fields":{"in":[{"name":"in","val":-322.66151650265886},{"name":"factor","val":0.3094618395303327}],"out":[{"name":"out","val":-99.8514264425596}]}},{"nid":466,"name":"cube.y snd factor","type":"Number","anim":{"in":[{"time":0,"value":0,"easing":"Linear.EaseNone"},{"time":61.80010207067237,"value":0,"easing":"Cubic.EaseOut"},{"time":62.26295921352951,"value":0.001,"easing":"Linear.EaseNone"},{"time":118.5,"value":0.001,"easing":"Linear.EaseNone"},{"time":169.5,"value":0.001,"easing":"Linear.EaseNone"}]},"x":1060,"y":436,"fields":{"in":[{"name":"in","val":0.001}],"out":[{"name":"out","val":0.001}]}},{"nid":471,"name":"cube.y offset","type":"MathAdd","anim":{"in":[],"y":[{"time":0,"value":0.01,"easing":"Linear.EaseNone"},{"time":61.78030139471312,"value":0.01,"easing":"Linear.EaseNone"},{"time":62.32030139471311,"value":0.2,"easing":"Linear.EaseNone"},{"time":94.65950643375801,"value":0.2,"easing":"Cubic.EaseOut"},{"time":96.15489104914263,"value":1,"easing":"Linear.EaseNone"}]},"x":1375,"y":404,"fields":{"in":[{"name":"in","val":0.10946183953033269},{"name":"y","val":0.2}],"out":[{"name":"out","val":0.3094618395303327}]}},{"nid":475,"name":"MathMult","type":"MathMult","anim":false,"x":1276,"y":405,"fields":{"in":[{"name":"in","val":109.46183953033268},{"name":"factor","val":0.001}],"out":[{"name":"out","val":0.10946183953033269}]}},{"nid":484,"name":"MathAdd","type":"MathAdd","anim":false,"x":919,"y":512,"fields":{"in":[{"name":"in","val":4934},{"name":"y","val":1}],"out":[{"name":"out","val":4935}]}},{"nid":490,"name":"item count","type":"Number","anim":{"in":[{"time":0,"value":20,"easing":"Linear.EaseNone"},{"time":28.62,"value":30,"easing":"Linear.EaseNone"},{"time":51.300000000000004,"value":100,"easing":"Linear.EaseNone"},{"time":60.754519698663245,"value":100,"easing":"Linear.EaseNone"},{"time":158.93492383918377,"value":124.51735264268025,"easing":"Linear.EaseNone"},{"time":162.12092383918377,"value":150,"easing":"Linear.EaseNone"},{"time":202.32008488623387,"value":180,"easing":"Linear.EaseNone"},{"time":202.8060848862339,"value":50,"easing":"Linear.EaseNone"},{"time":209.6640848862339,"value":65,"easing":"Linear.EaseNone"},{"time":216.09008488623388,"value":100,"easing":"Linear.EaseNone"},{"time":216.68408488623388,"value":40,"easing":"Linear.EaseNone"}]},"x":313,"y":368,"fields":{"in":[{"name":"in","val":103.2459233653712}],"out":[{"name":"out","val":103.2459233653712}]}},{"nid":493,"name":"MathMult","type":"MathMult","anim":false,"x":367,"y":223,"fields":{"in":[{"name":"in","val":103.2459233653712},{"name":"factor","val":2.4}],"out":[{"name":"out","val":247.79021607689086}]}}],"connections":[{"id":37,"from_node":15,"from":"out","to_node":33,"to":"in"},{"id":47,"from_node":33,"from":"out","to_node":39,"to":"x"},{"id":48,"from_node":33,"from":"out","to_node":39,"to":"y"},{"id":49,"from_node":33,"from":"out","to_node":39,"to":"z"},{"id":58,"from_node":1,"from":"low","to_node":50,"to":"in0"},{"id":59,"from_node":1,"from":"medium","to_node":50,"to":"in1"},{"id":60,"from_node":1,"from":"high","to_node":50,"to":"in2"},{"id":61,"from_node":50,"from":"out","to_node":15,"to":"in"},{"id":126,"from_node":75,"from":"out","to_node":62,"to":"scene"},{"id":127,"from_node":86,"from":"out","to_node":62,"to":"camera"},{"id":136,"from_node":128,"from":"xyz","to_node":86,"to":"position"},{"id":137,"from_node":105,"from":"out","to_node":118,"to":"in0"},{"id":138,"from_node":118,"from":"out","to_node":75,"to":"children"},{"id":139,"from_node":86,"from":"out","to_node":95,"to":"children"},{"id":140,"from_node":95,"from":"out","to_node":118,"to":"in5"},{"id":141,"from_node":39,"from":"xyz","to_node":105,"to":"scale"},{"id":171,"from_node":150,"from":"out","to_node":105,"to":"material"},{"id":180,"from_node":172,"from":"out","to_node":118,"to":"in4"},{"id":189,"from_node":39,"from":"x","to_node":185,"to":"array"},{"id":190,"from_node":185,"from":"out","to_node":182,"to":"in"},{"id":212,"from_node":209,"from":"out","to_node":191,"to":"count"},{"id":213,"from_node":209,"from":"out","to_node":197,"to":"count"},{"id":214,"from_node":209,"from":"out","to_node":203,"to":"count"},{"id":218,"from_node":191,"from":"out","to_node":142,"to":"x"},{"id":220,"from_node":203,"from":"out","to_node":142,"to":"z"},{"id":233,"from_node":215,"from":"out","to_node":225,"to":"factor"},{"id":234,"from_node":215,"from":"out","to_node":229,"to":"factor"},{"id":235,"from_node":215,"from":"out","to_node":221,"to":"factor"},{"id":236,"from_node":221,"from":"out","to_node":191,"to":"seed"},{"id":237,"from_node":225,"from":"out","to_node":197,"to":"seed"},{"id":238,"from_node":229,"from":"out","to_node":203,"to":"seed"},{"id":239,"from_node":142,"from":"xyz","to_node":105,"to":"position"},{"id":243,"from_node":240,"from":"out","to_node":191,"to":"width"},{"id":244,"from_node":240,"from":"out","to_node":197,"to":"width"},{"id":245,"from_node":240,"from":"out","to_node":203,"to":"width"},{"id":254,"from_node":246,"from":"rgb","to_node":150,"to":"color"},{"id":281,"from_node":267,"from":"out","to_node":273,"to":"x"},{"id":282,"from_node":255,"from":"out","to_node":273,"to":"y"},{"id":283,"from_node":261,"from":"out","to_node":273,"to":"z"},{"id":284,"from_node":273,"from":"xyz","to_node":105,"to":"rotation"},{"id":285,"from_node":229,"from":"out","to_node":261,"to":"seed"},{"id":286,"from_node":225,"from":"out","to_node":255,"to":"seed"},{"id":287,"from_node":221,"from":"out","to_node":267,"to":"seed"},{"id":288,"from_node":209,"from":"out","to_node":267,"to":"count"},{"id":289,"from_node":209,"from":"out","to_node":255,"to":"count"},{"id":290,"from_node":209,"from":"out","to_node":261,"to":"count"},{"id":304,"from_node":297,"from":"out","to_node":15,"to":"factor"},{"id":305,"from_node":21,"from":"out","to_node":297,"to":"width"},{"id":320,"from_node":314,"from":"out","to_node":306,"to":"in0"},{"id":321,"from_node":317,"from":"out","to_node":306,"to":"in1"},{"id":322,"from_node":317,"from":"out","to_node":306,"to":"in2"},{"id":323,"from_node":306,"from":"out","to_node":150,"to":"wireframe"},{"id":347,"from_node":1,"from":"medium","to_node":342,"to":"val1"},{"id":351,"from_node":348,"from":"out","to_node":342,"to":"val2"},{"id":356,"from_node":342,"from":"out","to_node":352,"to":"val1"},{"id":357,"from_node":352,"from":"out","to_node":333,"to":"condition"},{"id":365,"from_node":338,"from":"out","to_node":361,"to":"val1"},{"id":366,"from_node":358,"from":"out","to_node":361,"to":"val2"},{"id":367,"from_node":361,"from":"out","to_node":352,"to":"val2"},{"id":374,"from_node":368,"from":"out","to_node":333,"to":"val1"},{"id":375,"from_node":371,"from":"out","to_node":333,"to":"val2"},{"id":381,"from_node":1,"from":"medium","to_node":324,"to":"in"},{"id":385,"from_node":382,"from":"out","to_node":297,"to":"count"},{"id":395,"from_node":387,"from":"out","to_node":62,"to":"postfx"},{"id":402,"from_node":396,"from":"out","to_node":387,"to":"in0"},{"id":409,"from_node":403,"from":"out","to_node":387,"to":"in2"},{"id":414,"from_node":410,"from":"out","to_node":387,"to":"in1"},{"id":446,"from_node":439,"from":"out","to_node":442,"to":"factor"},{"id":447,"from_node":434,"from":"out","to_node":442,"to":"in"},{"id":448,"from_node":442,"from":"out","to_node":426,"to":"y"},{"id":449,"from_node":426,"from":"xyz","to_node":95,"to":"rotation"},{"id":459,"from_node":333,"from":"out","to_node":454,"to":"pause"},{"id":465,"from_node":197,"from":"out","to_node":461,"to":"in"},{"id":470,"from_node":461,"from":"out","to_node":142,"to":"y"},{"id":479,"from_node":1,"from":"average","to_node":475,"to":"in"},{"id":480,"from_node":475,"from":"out","to_node":471,"to":"in"},{"id":482,"from_node":466,"from":"out","to_node":475,"to":"factor"},{"id":483,"from_node":471,"from":"out","to_node":461,"to":"factor"},{"id":488,"from_node":454,"from":"out","to_node":484,"to":"in"},{"id":489,"from_node":484,"from":"out","to_node":215,"to":"in"},{"id":497,"from_node":490,"from":"out","to_node":493,"to":"in"},{"id":498,"from_node":490,"from":"out","to_node":209,"to":"in"},{"id":499,"from_node":493,"from":"out","to_node":382,"to":"in"}]}