{"uid":295,"nodes":[{"nid":1,"type":"WebGLRenderer","x":1790,"y":619,"fields":{"in":[{"name":"width","val":800},{"name":"height","val":600},{"name":"scene"},{"name":"camera"},{"name":"bg_color"},{"name":"postfx"},{"name":"shadowCameraNear","val":3},{"name":"shadowCameraFar","val":3000},{"name":"shadowMapWidth","val":512},{"name":"shadowMapHeight","val":512},{"name":"shadowMapEnabled","val":false},{"name":"shadowMapSoft","val":true}],"out":[]}},{"nid":14,"type":"Camera","x":899,"y":829,"fields":{"in":[{"name":"fov","val":50},{"name":"aspect","val":1},{"name":"near","val":0.1},{"name":"far","val":2000},{"name":"position"},{"name":"target"},{"name":"useTarget","val":false}],"out":[{"name":"out"}]}},{"nid":23,"type":"Scene","x":1500,"y":494,"fields":{"in":[{"name":"children"},{"name":"position"},{"name":"rotation"},{"name":"scale"},{"name":"doubleSided","val":false},{"name":"visible","val":true},{"name":"castShadow","val":false},{"name":"receiveShadow","val":false}],"out":[{"name":"out"}]}},{"nid":35,"type":"Merge","x":1387,"y":494,"fields":{"in":[{"name":"in0"},{"name":"in1","val":null},{"name":"in2","val":null},{"name":"in3","val":null},{"name":"in4"},{"name":"in5"}],"out":[{"name":"out"}]}},{"nid":45,"type":"Color","x":1349,"y":892,"fields":{"in":[{"name":"r","val":0.8784313725490196},{"name":"g","val":0.8784313725490196},{"name":"b","val":0.8784313725490196}],"out":[{"name":"rgb"},{"name":"r","val":0.8784313725490196},{"name":"g","val":0.8784313725490196},{"name":"b","val":0.8784313725490196}]}},{"nid":55,"type":"Vector3","x":794,"y":861,"fields":{"in":[{"name":"x","val":200},{"name":"y","val":300},{"name":"z","val":700}],"out":[{"name":"xyz"},{"name":"x","val":200},{"name":"y","val":300},{"name":"z","val":700}]}},{"nid":65,"type":"ThreeMesh","x":963,"y":285,"fields":{"in":[{"name":"children"},{"name":"position"},{"name":"rotation"},{"name":"scale"},{"name":"doubleSided","val":false},{"name":"visible","val":true},{"name":"castShadow","val":false},{"name":"receiveShadow","val":false},{"name":"geometry"},{"name":"material"},{"name":"overdraw","val":false}],"out":[{"name":"out"}]}},{"nid":79,"type":"Timer","x":412,"y":359,"fields":{"in":[{"name":"reset","val":false},{"name":"pause","val":false},{"name":"max","val":99999999999}],"out":[{"name":"out","val":100228}]}},{"nid":84,"type":"MathMult","x":636,"y":387,"fields":{"in":[{"name":"in","val":100228},{"name":"factor","val":0.001484599974198164}],"out":[{"name":"out","val":148.7984862139336}]}},{"nid":89,"type":"Vector3","x":752,"y":373,"fields":{"in":[{"name":"x","val":148.7984862139336},{"name":"y","val":148.7984862139336},{"name":"z","val":148.7984862139336}],"out":[{"name":"xyz"},{"name":"x","val":148.7984862139336},{"name":"y","val":148.7984862139336},{"name":"z","val":148.7984862139336}]}},{"nid":100,"type":"Vector3","x":780,"y":212,"fields":{"in":[{"name":"x","val":66.76397339705363},{"name":"y","val":-134.44065163874575},{"name":"z","val":-151.82160090309793}],"out":[{"name":"xyz"},{"name":"x","val":66.76397339705363},{"name":"y","val":-134.44065163874575},{"name":"z","val":-151.82160090309793}]}},{"nid":108,"type":"RandomSpread","x":483,"y":51,"fields":{"in":[{"name":"count","val":150},{"name":"seed","val":420},{"name":"width","val":500},{"name":"offset","val":0}],"out":[{"name":"out","val":66.76397339705363}]}},{"nid":114,"type":"RandomSpread","x":483,"y":151,"fields":{"in":[{"name":"count","val":150},{"name":"seed","val":1562},{"name":"width","val":500},{"name":"offset","val":0}],"out":[{"name":"out","val":-134.44065163874575}]}},{"nid":120,"type":"RandomSpread","x":487,"y":250,"fields":{"in":[{"name":"count","val":150},{"name":"seed","val":45338},{"name":"width","val":500},{"name":"offset","val":0}],"out":[{"name":"out","val":-151.82160090309793}]}},{"nid":126,"type":"Number","x":266,"y":103,"fields":{"in":[{"name":"in","val":150}],"out":[{"name":"out","val":150}]}},{"nid":136,"type":"Number","x":260,"y":185,"fields":{"in":[{"name":"in","val":500}],"out":[{"name":"out","val":500}]}},{"nid":142,"type":"Vector3","x":699,"y":481,"fields":{"in":[{"name":"x","val":0.12552290550251563},{"name":"y","val":0.12552290550251563},{"name":"z","val":0.12552290550251563}],"out":[{"name":"xyz"},{"name":"x","val":0.12552290550251563},{"name":"y","val":0.12552290550251563},{"name":"z","val":0.12552290550251563}]}},{"nid":150,"type":"RandomSpread","x":482,"y":538,"fields":{"in":[{"name":"count","val":10},{"name":"seed","val":14561},{"name":"width","val":0.2},{"name":"offset","val":0.1}],"out":[{"name":"out","val":0.12552290550251563}]}},{"nid":162,"type":"MeshLambertMaterial","x":656,"y":608,"fields":{"in":[{"name":"opacity","val":1},{"name":"transparent","val":false},{"name":"depthTest","val":true},{"name":"alphaTest","val":0},{"name":"polygonOffset","val":false},{"name":"polygonOffsetFactor","val":0},{"name":"polygonOffsetUnits","val":0},{"name":"blending","val":0},{"name":"color"},{"name":"reflectivity","val":1},{"name":"refractionRatio","val":0.98},{"name":"wireframe","val":false},{"name":"vertexColors","val":false},{"name":"skinning","val":false}],"out":[{"name":"out"}]}},{"nid":179,"type":"Color","x":347,"y":749,"fields":{"in":[{"name":"r","val":0.6039215686274509},{"name":"g","val":0.8274509803921568},{"name":"b","val":0.9294117647058824}],"out":[{"name":"rgb"},{"name":"r","val":0.6039215686274509},{"name":"g","val":0.8274509803921568},{"name":"b","val":0.9294117647058824}]}},{"nid":188,"type":"SpotLight","x":1070,"y":545,"fields":{"in":[{"name":"color"},{"name":"position"},{"name":"target"},{"name":"intensity","val":1},{"name":"distance","val":0},{"name":"castShadow","val":false}],"out":[{"name":"out"}]}},{"nid":197,"type":"Vector3","x":962,"y":545,"fields":{"in":[{"name":"x","val":200},{"name":"y","val":500},{"name":"z","val":500}],"out":[{"name":"xyz"},{"name":"x","val":200},{"name":"y","val":500},{"name":"z","val":500}]}},{"nid":206,"type":"Merge","x":1304,"y":1079,"fields":{"in":[{"name":"in0"},{"name":"in1"},{"name":"in2"},{"name":"in3","val":null},{"name":"in4","val":null},{"name":"in5","val":null}],"out":[{"name":"out"}]}},{"nid":215,"type":"VignettePass","x":813,"y":1085,"fields":{"in":[{"name":"offset","val":1},{"name":"darkness","val":0.8}],"out":[{"name":"out"}]}},{"nid":220,"type":"BloomPass","x":779,"y":1174,"fields":{"in":[{"name":"strength","val":0.4},{"name":"kernelSize","val":25},{"name":"sigma","val":4},{"name":"resolution","val":256}],"out":[{"name":"out"}]}},{"nid":227,"type":"Object3D","x":1056,"y":888,"fields":{"in":[{"name":"children"},{"name":"position"},{"name":"rotation"},{"name":"scale"},{"name":"doubleSided","val":false},{"name":"visible","val":true},{"name":"castShadow","val":false},{"name":"receiveShadow","val":false}],"out":[{"name":"out"}]}},{"nid":239,"type":"Vector3","x":898,"y":973,"fields":{"in":[{"name":"x","val":0},{"name":"y","val":19.963},{"name":"z","val":0}],"out":[{"name":"xyz"},{"name":"x","val":0},{"name":"y","val":19.963},{"name":"z","val":0}]}},{"nid":248,"type":"Timer","x":624,"y":973,"fields":{"in":[{"name":"reset","val":false},{"name":"pause","val":false},{"name":"max","val":99999999999}],"out":[{"name":"out","val":99815}]}},{"nid":253,"type":"MathMult","x":793,"y":974,"fields":{"in":[{"name":"in","val":99815},{"name":"factor","val":0.0002}],"out":[{"name":"out","val":19.963}]}},{"nid":259,"type":"FilmPass","x":811,"y":1272,"fields":{"in":[{"name":"noiseIntensity","val":0.1},{"name":"scanlinesIntensity","val":0.4},{"name":"scanlinesCount","val":2048},{"name":"grayscale","val":false}],"out":[{"name":"out"}]}},{"nid":266,"type":"RandomSpread","x":434,"y":437,"fields":{"in":[{"name":"count","val":20},{"name":"seed","val":456},{"name":"width","val":0.003},{"name":"offset","val":0.0002}],"out":[{"name":"out","val":0.001484599974198164}]}},{"nid":273,"type":"Color","x":348,"y":655,"fields":{"in":[{"name":"r","val":0.9607843137254902},{"name":"g","val":0.011764705882352941},{"name":"b","val":0.2784313725490196}],"out":[{"name":"rgb"},{"name":"r","val":0.9607843137254902},{"name":"g","val":0.011764705882352941},{"name":"b","val":0.2784313725490196}]}},{"nid":281,"type":"Merge","x":461,"y":704,"fields":{"in":[{"name":"in0"},{"name":"in1"},{"name":"in2"},{"name":"in3"},{"name":"in4","val":null},{"name":"in5","val":null}],"out":[{"name":"out"}]}}],"connections":[{"id":33,"from_node":23,"from":"out","to_node":1,"to":"scene"},{"id":34,"from_node":14,"from":"out","to_node":1,"to":"camera"},{"id":44,"from_node":35,"from":"out","to_node":23,"to":"children"},{"id":54,"from_node":45,"from":"rgb","to_node":1,"to":"bg_color"},{"id":64,"from_node":55,"from":"xyz","to_node":14,"to":"position"},{"id":78,"from_node":65,"from":"out","to_node":35,"to":"in0"},{"id":88,"from_node":79,"from":"out","to_node":84,"to":"in"},{"id":98,"from_node":89,"from":"xyz","to_node":65,"to":"rotation"},{"id":99,"from_node":84,"from":"out","to_node":89,"to":"y"},{"id":129,"from_node":126,"from":"out","to_node":108,"to":"count"},{"id":130,"from_node":126,"from":"out","to_node":114,"to":"count"},{"id":131,"from_node":126,"from":"out","to_node":120,"to":"count"},{"id":132,"from_node":108,"from":"out","to_node":100,"to":"x"},{"id":133,"from_node":114,"from":"out","to_node":100,"to":"y"},{"id":134,"from_node":120,"from":"out","to_node":100,"to":"z"},{"id":135,"from_node":100,"from":"xyz","to_node":65,"to":"position"},{"id":139,"from_node":136,"from":"out","to_node":114,"to":"width"},{"id":140,"from_node":136,"from":"out","to_node":108,"to":"width"},{"id":141,"from_node":136,"from":"out","to_node":120,"to":"width"},{"id":156,"from_node":150,"from":"out","to_node":142,"to":"y"},{"id":157,"from_node":150,"from":"out","to_node":142,"to":"x"},{"id":158,"from_node":150,"from":"out","to_node":142,"to":"z"},{"id":159,"from_node":142,"from":"xyz","to_node":65,"to":"scale"},{"id":160,"from_node":84,"from":"out","to_node":89,"to":"x"},{"id":161,"from_node":84,"from":"out","to_node":89,"to":"z"},{"id":178,"from_node":162,"from":"out","to_node":65,"to":"material"},{"id":196,"from_node":188,"from":"out","to_node":35,"to":"in4"},{"id":205,"from_node":197,"from":"xyz","to_node":188,"to":"position"},{"id":214,"from_node":206,"from":"out","to_node":1,"to":"postfx"},{"id":219,"from_node":215,"from":"out","to_node":206,"to":"in0"},{"id":226,"from_node":220,"from":"out","to_node":206,"to":"in1"},{"id":237,"from_node":14,"from":"out","to_node":227,"to":"children"},{"id":238,"from_node":227,"from":"out","to_node":35,"to":"in5"},{"id":247,"from_node":239,"from":"xyz","to_node":227,"to":"rotation"},{"id":257,"from_node":248,"from":"out","to_node":253,"to":"in"},{"id":258,"from_node":253,"from":"out","to_node":239,"to":"y"},{"id":265,"from_node":259,"from":"out","to_node":206,"to":"in2"},{"id":272,"from_node":266,"from":"out","to_node":84,"to":"factor"},{"id":289,"from_node":273,"from":"rgb","to_node":281,"to":"in0"},{"id":291,"from_node":281,"from":"out","to_node":162,"to":"color"},{"id":295,"from_node":179,"from":"rgb","to_node":281,"to":"in1"}]}