{"uid":177,"nodes":[{"nid":1,"type":"WebGLRenderer","x":1580,"y":293,"fields":{"in":[{"name":"width","val":800},{"name":"height","val":600},{"name":"scene"},{"name":"camera"},{"name":"bg_color"},{"name":"postfx"},{"name":"shadowCameraNear","val":3},{"name":"shadowCameraFar","val":3000},{"name":"shadowMapWidth","val":512},{"name":"shadowMapHeight","val":512},{"name":"shadowMapEnabled","val":false},{"name":"shadowMapSoft","val":true}],"out":[]}},{"nid":14,"type":"Scene","x":1294,"y":242,"fields":{"in":[{"name":"children"},{"name":"position"},{"name":"rotation"},{"name":"scale"},{"name":"doubleSided","val":false},{"name":"visible","val":true},{"name":"castShadow","val":false},{"name":"receiveShadow","val":false}],"out":[{"name":"out"}]}},{"nid":25,"type":"Object3D","x":898,"y":724,"fields":{"in":[{"name":"children"},{"name":"position"},{"name":"rotation"},{"name":"scale"},{"name":"doubleSided","val":false},{"name":"visible","val":true},{"name":"castShadow","val":false},{"name":"receiveShadow","val":false}],"out":[{"name":"out"}]}},{"nid":35,"type":"Merge","x":1192,"y":242,"fields":{"in":[{"name":"in0"},{"name":"in1","val":null},{"name":"in2","val":null},{"name":"in3","val":null},{"name":"in4"},{"name":"in5"}],"out":[{"name":"out"}]}},{"nid":45,"type":"Camera","x":541,"y":732,"fields":{"in":[{"name":"fov","val":50},{"name":"aspect","val":1},{"name":"near","val":0.1},{"name":"far","val":2000},{"name":"position"},{"name":"target"},{"name":"useTarget","val":false}],"out":[{"name":"out"}]}},{"nid":56,"type":"Vector3","x":436,"y":793,"fields":{"in":[{"name":"x","val":100},{"name":"y","val":300},{"name":"z","val":900}],"out":[{"name":"xyz"},{"name":"x","val":100},{"name":"y","val":300},{"name":"z","val":900}]}},{"nid":65,"type":"ThreeMesh","x":931,"y":204,"fields":{"in":[{"name":"children"},{"name":"position"},{"name":"rotation"},{"name":"scale"},{"name":"doubleSided","val":false},{"name":"visible","val":true},{"name":"castShadow","val":false},{"name":"receiveShadow","val":false},{"name":"geometry"},{"name":"material"},{"name":"overdraw","val":false}],"out":[{"name":"out"}]}},{"nid":98,"type":"Texture","x":495,"y":530,"fields":{"in":[{"name":"image","val":"examples/textures/planets/earth_atmos_2048.jpg"}],"out":[{"name":"out"}]}},{"nid":101,"type":"String","x":303,"y":527,"fields":{"in":[{"name":"string","val":"examples/textures/planets/earth_atmos_2048.jpg"}],"out":[{"name":"out","val":"examples/textures/planets/earth_atmos_2048.jpg"}]}},{"nid":106,"type":"Color","x":501,"y":409,"fields":{"in":[{"name":"r","val":1},{"name":"g","val":1},{"name":"b","val":1}],"out":[{"name":"rgb"},{"name":"r","val":1},{"name":"g","val":1},{"name":"b","val":1}]}},{"nid":115,"type":"SphereGeometry","x":645,"y":254,"fields":{"in":[{"name":"radius","val":300},{"name":"segments_width","val":30},{"name":"segments_height","val":30}],"out":[{"name":"out"}]}},{"nid":121,"type":"Vector3","x":766,"y":151,"fields":{"in":[{"name":"x","val":0},{"name":"y","val":7.2515},{"name":"z","val":0}],"out":[{"name":"xyz"},{"name":"x","val":0},{"name":"y","val":7.2515},{"name":"z","val":0}]}},{"nid":130,"type":"MathMult","x":559,"y":117,"fields":{"in":[{"name":"in","val":14503},{"name":"factor","val":0.0005}],"out":[{"name":"out","val":7.2515}]}},{"nid":134,"type":"Timer","x":351,"y":125,"fields":{"in":[{"name":"reset","val":false},{"name":"pause","val":false},{"name":"max","val":99999999999}],"out":[{"name":"out","val":14503}]}},{"nid":141,"type":"MeshLambertMaterial","x":641,"y":374,"fields":{"in":[{"name":"opacity","val":1},{"name":"transparent","val":false},{"name":"depthTest","val":true},{"name":"alphaTest","val":0},{"name":"polygonOffset","val":false},{"name":"polygonOffsetFactor","val":0},{"name":"polygonOffsetUnits","val":0},{"name":"blending","val":0},{"name":"color"},{"name":"map"},{"name":"reflectivity","val":1},{"name":"refractionRatio","val":0.98},{"name":"wireframe","val":false},{"name":"vertexColors","val":false},{"name":"skinning","val":false}],"out":[{"name":"out"}]}},{"nid":161,"type":"PointLight","x":740,"y":632,"fields":{"in":[{"name":"color"},{"name":"position"},{"name":"intensity","val":1.5},{"name":"distance","val":0}],"out":[{"name":"out"}]}},{"nid":168,"type":"Vector3","x":630,"y":630,"fields":{"in":[{"name":"x","val":200},{"name":"y","val":50},{"name":"z","val":700}],"out":[{"name":"xyz"},{"name":"x","val":200},{"name":"y","val":50},{"name":"z","val":700}]}}],"connections":[{"id":24,"from_node":14,"from":"out","to_node":1,"to":"scene"},{"id":43,"from_node":35,"from":"out","to_node":14,"to":"children"},{"id":44,"from_node":25,"from":"out","to_node":35,"to":"in5"},{"id":54,"from_node":45,"from":"out","to_node":25,"to":"children"},{"id":64,"from_node":56,"from":"xyz","to_node":45,"to":"position"},{"id":78,"from_node":65,"from":"out","to_node":35,"to":"in0"},{"id":104,"from_node":101,"from":"out","to_node":98,"to":"image"},{"id":120,"from_node":115,"from":"out","to_node":65,"to":"geometry"},{"id":129,"from_node":121,"from":"xyz","to_node":65,"to":"rotation"},{"id":139,"from_node":134,"from":"out","to_node":130,"to":"in"},{"id":140,"from_node":130,"from":"out","to_node":121,"to":"y"},{"id":158,"from_node":141,"from":"out","to_node":65,"to":"material"},{"id":159,"from_node":106,"from":"rgb","to_node":141,"to":"color"},{"id":160,"from_node":98,"from":"out","to_node":141,"to":"map"},{"id":167,"from_node":161,"from":"out","to_node":35,"to":"in4"},{"id":176,"from_node":168,"from":"xyz","to_node":161,"to":"position"},{"id":177,"from_node":45,"from":"out","to_node":1,"to":"camera"}]}