{"uid":130,"nodes":[{"nid":1,"name":"WebGLRenderer","type":"WebGLRenderer","anim":false,"x":1433,"y":181,"fields":{"in":[{"name":"width","val":800},{"name":"height","val":600},{"name":"scene"},{"name":"camera"},{"name":"bg_color"},{"name":"postfx"},{"name":"shadowCameraNear","val":3},{"name":"shadowCameraFar","val":3000},{"name":"shadowMapWidth","val":512},{"name":"shadowMapHeight","val":512},{"name":"shadowMapEnabled","val":false},{"name":"shadowMapSoft","val":true}],"out":[]}},{"nid":14,"name":"ThreeMesh","type":"ThreeMesh","anim":false,"x":781,"y":132,"fields":{"in":[{"name":"children"},{"name":"position"},{"name":"rotation"},{"name":"scale"},{"name":"doubleSided","val":false},{"name":"visible","val":true},{"name":"castShadow","val":false},{"name":"receiveShadow","val":false},{"name":"geometry"},{"name":"material"},{"name":"overdraw","val":false}],"out":[{"name":"out"}]}},{"nid":27,"name":"Scene","type":"Scene","anim":false,"x":1205,"y":182,"fields":{"in":[{"name":"children"},{"name":"position"},{"name":"rotation"},{"name":"scale"},{"name":"doubleSided","val":false},{"name":"visible","val":true},{"name":"castShadow","val":false},{"name":"receiveShadow","val":false},{"name":"fog","val":null}],"out":[{"name":"out"}]}},{"nid":40,"name":"Font","type":"Font","anim":false,"x":297,"y":230,"fields":{"in":[{"name":"font","val":0},{"name":"weight","val":0}],"out":[{"name":"out"}]}},{"nid":44,"name":"String","type":"String","anim":false,"x":240,"y":167,"fields":{"in":[{"name":"string","val":"Hello world!"}],"out":[{"name":"out","val":"Hello world!"}]}},{"nid":47,"name":"TextGeometry","type":"TextGeometry","anim":false,"x":503,"y":164,"fields":{"in":[{"name":"text","val":"Hello world!"},{"name":"font"},{"name":"size","val":100},{"name":"height","val":20},{"name":"curveSegments","val":4},{"name":"bevelEnabled","val":false},{"name":"bevelThickness","val":0},{"name":"bevelSize","val":0}],"out":[{"name":"out"}]}},{"nid":60,"name":"Vector3","type":"Vector3","anim":false,"x":626,"y":63,"fields":{"in":[{"name":"x","val":-350},{"name":"y","val":0},{"name":"z","val":0}],"out":[{"name":"xyz"},{"name":"x","val":-350},{"name":"y","val":0},{"name":"z","val":0}]}},{"nid":70,"name":"Merge","type":"Merge","anim":false,"x":1057,"y":292,"fields":{"in":[{"name":"in0"},{"name":"in1","val":null},{"name":"in2","val":null},{"name":"in3","val":null},{"name":"in4","val":null},{"name":"in5"}],"out":[{"name":"out"}]}},{"nid":80,"name":"Object3D","type":"Object3D","anim":false,"x":801,"y":464,"fields":{"in":[{"name":"children"},{"name":"position"},{"name":"rotation"},{"name":"scale"},{"name":"doubleSided","val":false},{"name":"visible","val":true},{"name":"castShadow","val":false},{"name":"receiveShadow","val":false}],"out":[{"name":"out"}]}},{"nid":91,"name":"Camera","type":"Camera","anim":false,"x":580,"y":435,"fields":{"in":[{"name":"fov","val":50},{"name":"aspect","val":1},{"name":"near","val":0.1},{"name":"far","val":2000},{"name":"position"},{"name":"target"},{"name":"useTarget","val":false}],"out":[{"name":"out"}]}},{"nid":102,"name":"Vector3","type":"Vector3","anim":false,"x":416,"y":498,"fields":{"in":[{"name":"x","val":0},{"name":"y","val":300},{"name":"z","val":1000}],"out":[{"name":"xyz"},{"name":"x","val":0},{"name":"y","val":300},{"name":"z","val":1000}]}},{"nid":111,"name":"Vector3","type":"Vector3","anim":false,"x":634,"y":615,"fields":{"in":[{"name":"x","val":0},{"name":"y","val":8.73},{"name":"z","val":0}],"out":[{"name":"xyz"},{"name":"x","val":0},{"name":"y","val":8.73},{"name":"z","val":0}]}},{"nid":120,"name":"Timer","type":"Timer","anim":false,"x":297,"y":624,"fields":{"in":[{"name":"reset","val":false},{"name":"pause","val":false},{"name":"max","val":99999999999}],"out":[{"name":"out","val":17460}]}},{"nid":125,"name":"MathMult","type":"MathMult","anim":false,"x":493,"y":621,"fields":{"in":[{"name":"in","val":17460},{"name":"factor","val":0.0005}],"out":[{"name":"out","val":8.73}]}}],"connections":[{"id":38,"from_node":27,"from":"out","to_node":1,"to":"scene"},{"id":57,"from_node":44,"from":"out","to_node":47,"to":"text"},{"id":58,"from_node":47,"from":"out","to_node":14,"to":"geometry"},{"id":59,"from_node":40,"from":"out","to_node":47,"to":"font"},{"id":69,"from_node":60,"from":"xyz","to_node":14,"to":"position"},{"id":78,"from_node":14,"from":"out","to_node":70,"to":"in0"},{"id":79,"from_node":70,"from":"out","to_node":27,"to":"children"},{"id":90,"from_node":80,"from":"out","to_node":70,"to":"in5"},{"id":100,"from_node":91,"from":"out","to_node":80,"to":"children"},{"id":101,"from_node":91,"from":"out","to_node":1,"to":"camera"},{"id":110,"from_node":102,"from":"xyz","to_node":91,"to":"position"},{"id":119,"from_node":111,"from":"xyz","to_node":80,"to":"rotation"},{"id":129,"from_node":125,"from":"out","to_node":111,"to":"y"},{"id":130,"from_node":120,"from":"out","to_node":125,"to":"in"}]}