{
  "responsive": true,
  "title":{
    "display":true,
    "text":"Chart.js Line Chart"
  },
  "tooltips": {
    "mode": "label",
    "callbacks": {

    }
  },
  "hover": {
    "mode": "dataset"
  },
  "scales": {
    "xAxes": [{
      "display": true,
      "scaleLabel": {
        "show": true,
        "labelString": "Month"
      }
    }],
    "yAxes": [{
      "display": true,
      "scaleLabel": {
        "show": true,
        "labelString": "Value"
      },
      "ticks": {
        "suggestedMin": -10,
        "suggestedMax": 250
      }
    }]
  }
}